logP,smiles,Temperature,pH
-0.89,O=c1[nH]cc(F)c(=O)[nH]1,22.0,4.0
-0.89,O=c1[nH]cc(F)c(=O)[nH]1,25.0,4.0
-0.89,O=c1[nH]cc(F)c(=O)[nH]1,37.0,4.0
-0.26,CC(=O)N=c1[nH]nc(S(N)(=O)=O)s1,25.0,7.4
-0.26,CC(=O)N=c1[nH]nc(S(N)(=O)=O)s1,35.0,7.2
-1.26,O=C(O)C(=O)CC(O)O,20.0,1.42
-1.26,O=C(O)C(=O)CC(O)O,25.0,1.42
-3.41,NC(=O)CC(N)C(=O)O,25.0,7.0
-1.11,O=c1[nH]cnc2[nH]cnc12,23.0,5.7
1.5,O=C(O)c1ccsc1,25.0,2.7976
0.49,CNS(=O)(=O)c1n[nH]c(=NC(C)=O)s1,35.0,7.2
0.13,CC(=O)/N=c1\sc(S(N)(=O)=O)nn1C,22.0,7.4
0.13,CC(=O)/N=c1\sc(S(N)(=O)=O)nn1C,25.0,7.4
-2.5,O=C(O)C1CCCN1,25.0,6.3
-2.11,CCCC(N)C(=O)O,20.0,5.98
0.3,N=c1c(Cl)c(Cl)[nH]c(C(=O)O)c1Cl,10.0,2.8
0.3,N=c1c(Cl)c(Cl)[nH]c(C(=O)O)c1Cl,20.0,2.8
0.3,N=c1c(Cl)c(Cl)[nH]c(C(=O)O)c1Cl,30.0,2.8
0.3,N=c1c(Cl)c(Cl)[nH]c(C(=O)O)c1Cl,40.0,2.8
1.37,O=[N+]([O-])c1cccc([N+](=O)[O-])c1O,15.0,3.32
-0.68,COC(=O)n1cc(F)c(=O)[nH]c1=O,22.0,4.0
-0.2,CNC(=O)n1cc(F)c(=O)[nH]c1=O,22.0,4.0
0.54,O=[PH](=O)(O)c1ccccc1,15.0,0.8991
-0.62,Nc1ccc(S(N)(=O)=O)cc1,37.0,6.9
-0.35,CCc1c(O)[nH]c(=O)[nH]c1=O,25.0,2.31
-0.02,Cc1ncc([N+](=O)[O-])n1CCO,25.0,3.16
-0.02,Cc1ncc([N+](=O)[O-])n1CCO,25.0,2.69
-0.06,N=c1[nH]c(=N)[nH]c(=NC2CC2)[nH]1,20.0,7.0
-0.06,N=c1[nH]c(=N)[nH]c(=NC2CC2)[nH]1,25.0,7.0
2.72,CCCCCC(O)/C=C/C1C(O)CC(O)C1C/C=C/CCCC(=O)O,25.0,4.44
3.36,O=C(CCCN1CCC(O)(c2ccc(Cl)cc2)CC1)c1ccc(F)cc1,37.0,12.46
3.36,O=C(CCCN1CCC(O)(c2ccc(Cl)cc2)CC1)c1ccc(F)cc1,37.0,11.94
3.36,O=C(CCCN1CCC(O)(c2ccc(Cl)cc2)CC1)c1ccc(F)cc1,37.0,11.42
3.36,O=C(CCCN1CCC(O)(c2ccc(Cl)cc2)CC1)c1ccc(F)cc1,37.0,11.02
3.36,O=C(CCCN1CCC(O)(c2ccc(Cl)cc2)CC1)c1ccc(F)cc1,37.0,9.45
3.36,O=C(CCCN1CCC(O)(c2ccc(Cl)cc2)CC1)c1ccc(F)cc1,37.0,7.34
3.36,O=C(CCCN1CCC(O)(c2ccc(Cl)cc2)CC1)c1ccc(F)cc1,37.0,7.28
3.36,O=C(CCCN1CCC(O)(c2ccc(Cl)cc2)CC1)c1ccc(F)cc1,37.0,7.15
3.36,O=C(CCCN1CCC(O)(c2ccc(Cl)cc2)CC1)c1ccc(F)cc1,37.0,6.0
3.36,O=C(CCCN1CCC(O)(c2ccc(Cl)cc2)CC1)c1ccc(F)cc1,37.0,5.65
3.36,O=C(CCCN1CCC(O)(c2ccc(Cl)cc2)CC1)c1ccc(F)cc1,37.0,5.29
3.36,O=C(CCCN1CCC(O)(c2ccc(Cl)cc2)CC1)c1ccc(F)cc1,37.0,5.11
3.36,O=C(CCCN1CCC(O)(c2ccc(Cl)cc2)CC1)c1ccc(F)cc1,37.0,4.98
4.3,O=C(CCCN1CCC(O)(c2ccc(Cl)cc2)CC1)c1ccc(F)cc1,37.0,6.5
4.37,CCC(=O)N(c1ccccc1)C1CCN(CCc2ccccc2)CC1,25.0,7.4
4.37,CCC(=O)N(c1ccccc1)C1CCN(CCc2ccccc2)CC1,35.0,12.47
4.37,CCC(=O)N(c1ccccc1)C1CCN(CCc2ccccc2)CC1,35.0,9.8
4.37,CCC(=O)N(c1ccccc1)C1CCN(CCc2ccccc2)CC1,35.0,8.78
4.37,CCC(=O)N(c1ccccc1)C1CCN(CCc2ccccc2)CC1,35.0,8.03
4.37,CCC(=O)N(c1ccccc1)C1CCN(CCc2ccccc2)CC1,35.0,7.66
4.37,CCC(=O)N(c1ccccc1)C1CCN(CCc2ccccc2)CC1,35.0,7.04
4.37,CCC(=O)N(c1ccccc1)C1CCN(CCc2ccccc2)CC1,35.0,6.51
4.37,CCC(=O)N(c1ccccc1)C1CCN(CCc2ccccc2)CC1,35.0,6.23
4.37,CCC(=O)N(c1ccccc1)C1CCN(CCc2ccccc2)CC1,35.0,5.94
3.95,CCC(=O)N(c1ccccc1)C1(COC)CCN(CCc2cccs2)CC1,35.0,12.77
3.95,CCC(=O)N(c1ccccc1)C1(COC)CCN(CCc2cccs2)CC1,35.0,7.97
3.95,CCC(=O)N(c1ccccc1)C1(COC)CCN(CCc2cccs2)CC1,35.0,7.6
3.95,CCC(=O)N(c1ccccc1)C1(COC)CCN(CCc2cccs2)CC1,35.0,6.97
3.95,CCC(=O)N(c1ccccc1)C1(COC)CCN(CCc2cccs2)CC1,35.0,6.64
3.95,CCC(=O)N(c1ccccc1)C1(COC)CCN(CCc2cccs2)CC1,35.0,6.45
3.95,CCC(=O)N(c1ccccc1)C1(COC)CCN(CCc2cccs2)CC1,35.0,6.15
3.95,CCC(=O)N(c1ccccc1)C1(COC)CCN(CCc2cccs2)CC1,35.0,5.66
3.95,CCC(=O)N(c1ccccc1)C1(COC)CCN(CCc2cccs2)CC1,25.0,7.4
3.5,C[C@H](CCC(=O)O)[C@H]1CC[C@H]2[C@@H]3CC[C@@H]4C[C@H](O)CC[C@]4(C)[C@H]3C[C@H](O)C21C,37.0,2.4
3.5,C[C@H](CCC(=O)O)[C@H]1CC[C@H]2[C@@H]3CC[C@@H]4C[C@H](O)CC[C@]4(C)[C@H]3C[C@H](O)C21C,20.0,3.0
4.15,CC(CCC(=O)O)C1CCC2C3C(O)CC4CC(O)CCC4(C)C3CCC12C,20.0,3.0
4.15,CC(CCC(=O)O)C1CCC2C3C(O)CC4CC(O)CCC4(C)C3CCC12C,30.0,3.0
4.15,CC(CCC(=O)O)C1CCC2C3C(O)CC4CC(O)CCC4(C)C3CCC12C,37.0,2.4
2.39,CC(CCC(=O)O)C1CCC2C3C(O)CC4CC(O)CCC4(C)C3CC(O)C12C,30.0,3.0
5.77,C(=C/c1ccccc1)\CN1CCN(C(c2ccccc2)c2ccccc2)CC1,25.0,4.5
4.45,Oc1c(Cl)cc(Cl)c(Cl)c1Cl,25.0,5.1
-0.62,Nc1ccc(S(N)(=O)=O)cc1,20.0,5.9
-0.62,Nc1ccc(S(N)(=O)=O)cc1,25.0,7.1
-0.62,Nc1ccc(S(N)(=O)=O)cc1,37.0,4.9
-0.62,Nc1ccc(S(N)(=O)=O)cc1,37.0,5.9
-0.62,Nc1ccc(S(N)(=O)=O)cc1,37.0,7.5
-0.62,Nc1ccc(S(N)(=O)=O)cc1,37.0,7.1
-0.62,Nc1ccc(S(N)(=O)=O)cc1,37.0,7.4
-0.24,NS(=O)(=O)c1cc2c(cc1Cl)N=CNS2(=O)=O,15.0,6.5
-0.24,NS(=O)(=O)c1cc2c(cc1Cl)N=CNS2(=O)=O,25.0,6.5
-0.24,NS(=O)(=O)c1cc2c(cc1Cl)N=CNS2(=O)=O,37.0,6.5
-0.07,NS(=O)(=O)c1cc2c(cc1Cl)NCNS2(=O)=O,15.0,6.5
-0.07,NS(=O)(=O)c1cc2c(cc1Cl)NCNS2(=O)=O,25.0,6.5
-0.07,NS(=O)(=O)c1cc2c(cc1Cl)NCNS2(=O)=O,37.0,6.5
-2.0,NCCc1ccc(O)c(O)c1,20.0,7.4
1.82,CCN=c1nc(OC)[nH]c(=NCC)[nH]1,26.0,7.0
1.82,CCN=c1nc(OC)[nH]c(=NCC)[nH]1,26.0,3.0
1.82,CCN=c1nc(C)[nH]c(=NCC)[nH]1,21.0,3.0
2.54,CCN=c1nc(SC)[nH]c(=NCC)[nH]1,26.0,3.0
1.56,N#Cc1ccc(C(=O)O)cc1,25.0,1.0
1.66,O=C(O)c1cccc(C(=O)O)c1,25.0,1.0
2.0,O=C(O)c1ccc(C(=O)O)cc1,25.0,1.0
2.99,COc1ccc(C(=O)O)c(O)c1,25.0,1.0
2.78,COc1ccc(O)c(C(=O)O)c1,25.0,1.0
2.1,NS(=O)(=O)c1nc2ccc(Cl)cc2s1,37.0,7.2
2.4,O=C(O)c1ccccc1I,15.0,2.7
0.02,O=C(OCCCl)n1cc(F)c(=O)[nH]c1=O,22.0,4.0
1.33,NS(=O)(=O)c1nc2ccccc2s1,37.0,7.2
1.13,NS(=O)(=O)c1nc2ccc(O)cc2s1,37.0,7.2
2.13,Cc1cc([N+](=O)[O-])cc([N+](=O)[O-])c1O,20.0,7.0
1.87,O=C(O)c1ccccc1,20.0,5.0
1.87,O=C(O)c1ccccc1,22.0,3.0
1.87,O=C(O)c1ccccc1,20.0,3.0
1.87,O=C(O)c1ccccc1,20.0,4.0
1.87,O=C(O)c1ccccc1,20.0,6.0
1.87,O=C(O)c1ccccc1,25.0,6.8
1.87,O=C(O)c1ccccc1,25.0,5.0
1.87,O=C(O)c1ccccc1,25.0,7.4
2.26,O=C(O)c1ccccc1O,22.0,5.0
2.26,O=C(O)c1ccccc1O,22.0,1.2
2.26,O=C(O)c1ccccc1O,21.0,2.0
-0.85,Cn1c(=O)c2[nH]c(Cl)nc2n(C)c1=O,37.0,1.3
-0.85,Cn1c(=O)c2[nH]c(Cl)nc2n(C)c1=O,37.0,7.2
0.19,CCC(=O)n1c(=O)[nH]cc(F)c1=O,22.0,4.0
0.11,CCOC(=O)n1c(=O)[nH]cc(F)c1=O,22.0,5.0
-0.67,CC(=O)OCn1cc(F)c(=O)[nH]c1=O,22.0,4.0
-0.42,CC(=O)OCn1c(=O)[nH]cc(F)c1=O,22.0,4.0
-0.17,CCOC(=O)n1cc(F)c(=O)[nH]c1=O,22.0,4.0
0.91,NS(=O)(=O)c1cc2c(s1)C(=O)CCS2,25.0,7.4
0.74,NS(=O)(=O)c1cc2c(s1)SCCC2=O,25.0,7.4
-0.04,NS(=O)(=O)c1cc2c(s1)S(=O)(=O)CCC2=O,25.0,7.4
-0.2,NS(=O)(=O)c1cc2c(s1)C(=O)CCS2(=O)=O,25.0,7.4
1.92,CNS(=O)(=O)c1ccc(Cl)cc1,35.0,7.2
-0.07,NS(=O)(=O)c1cc2c(cc1Cl)NCNS2(=O)=O,25.0,4.56
-0.07,NS(=O)(=O)c1cc2c(cc1Cl)NCNS2(=O)=O,25.0,2.0
-0.07,NS(=O)(=O)c1cc2c(cc1Cl)NCNS2(=O)=O,25.0,6.0
-0.07,NS(=O)(=O)c1cc2c(cc1Cl)NCNS2(=O)=O,25.0,8.0
-0.07,NS(=O)(=O)c1cc2c(cc1Cl)NCNS2(=O)=O,25.0,9.08
-0.07,NS(=O)(=O)c1cc2c(cc1Cl)NCNS2(=O)=O,25.0,3.0
-0.07,NS(=O)(=O)c1cc2c(cc1Cl)NCNS2(=O)=O,25.0,8.55
-0.07,NS(=O)(=O)c1cc2c(cc1Cl)NCNS2(=O)=O,25.0,4.0
-0.37,CN(C)C(=O)n1cc(F)c(=O)[nH]c1=O,22.0,4.0
0.35,CCNC(=O)n1cc(F)c(=O)[nH]c1=O,22.0,4.0
-0.02,Cn1c(=O)c2[nH]cnc2n(C)c1=O,37.0,7.4
-0.02,Cn1c(=O)c2[nH]cnc2n(C)c1=O,37.0,4.5
0.48,NS(=O)(=O)c1cc2c(s1)C(O)CCS2,25.0,7.4
0.68,NS(=O)(=O)c1cc2c(s1)SCCC2O,25.0,7.4
-0.44,NS(=O)(=O)c1cc2c(s1)S(=O)(=O)CC(O)C2,25.0,7.4
-0.59,NS(=O)(=O)c1cc2c(s1)C(O)CCS2(=O)=O,25.0,7.4
-0.7,NS(=O)(=O)c1cc2c(s1)CC(O)CS2(=O)=O,25.0,7.4
2.18,CCN=c1nc(Cl)[nH]c(=NCC)[nH]1,26.0,7.0
2.18,CCN=c1nc(Cl)[nH]c(=NCC)[nH]1,26.0,3.0
1.15,O=C1NC(=O)c2ccccc21,25.0,5.4053
1.48,N#Cc1cccc(C(=O)O)c1,25.0,1.0
2.81,O=C(O)COc1ccc(Cl)cc1Cl,25.0,1.0
-0.47,O=c1[nH]c(O)cn1/N=C/c1ccc([N+](=O)[O-])o1,37.0,7.2
-0.47,O=c1[nH]c(O)cn1/N=C/c1ccc([N+](=O)[O-])o1,25.0,7.0
-0.47,O=c1[nH]c(O)cn1/N=C/c1ccc([N+](=O)[O-])o1,22.0,1.2
-0.47,O=c1[nH]c(O)cn1/N=C/c1ccc([N+](=O)[O-])o1,25.0,6.5
-0.47,O=c1[nH]c(O)cn1/N=C/c1ccc([N+](=O)[O-])o1,37.0,5.0
-0.47,O=c1[nH]c(O)cn1/N=C/c1ccc([N+](=O)[O-])o1,37.0,4.8
2.36,COC(=O)c1ccccc1O,21.0,7.4
1.43,COc1cc(C(=O)O)ccc1O,14.0,3.3
-0.96,CC(=O)NS(=O)(=O)c1ccc(N)cc1,37.0,5.9
-0.96,CC(=O)NS(=O)(=O)c1ccc(N)cc1,37.0,6.6
-0.96,CC(=O)NS(=O)(=O)c1ccc(N)cc1,37.0,7.0
-0.04,CC(=O)Nc1ccc(S(N)(=O)=O)cc1,20.0,4.9
-0.96,CC(=O)NS(=O)(=O)c1ccc(N)cc1,37.0,4.8
-0.96,CC(=O)NS(=O)(=O)c1ccc(N)cc1,37.0,5.6
-0.96,CC(=O)NS(=O)(=O)c1ccc(N)cc1,37.0,5.3
-0.96,CC(=O)NS(=O)(=O)c1ccc(N)cc1,37.0,4.5
-0.96,CC(=O)NS(=O)(=O)c1ccc(N)cc1,20.0,4.9
-2.12,NCCc1ccc(O)cc1,15.0,10.0
1.28,CNS(=O)(=O)c1ccc(C)cc1,22.0,7.4
-1.56,N=c1[nH]c(=O)c2ncn(COCCO)c2[nH]1,37.0,7.4
0.65,CCC1(CC)C(=O)NC(=O)NC1=O,33.0,7.9
0.65,CCC1(CC)C(=O)NC(=O)NC1=O,30.0,7.02
0.65,CCC1(CC)C(=O)NC(=O)NC1=O,30.0,6.91
0.65,CCC1(CC)C(=O)NC(=O)NC1=O,30.0,6.82
0.65,CCC1(CC)C(=O)NC(=O)NC1=O,30.0,7.08
0.65,CCC1(CC)C(=O)NC(=O)NC1=O,30.0,6.42
0.65,CCC1(CC)C(=O)NC(=O)NC1=O,30.0,6.78
0.65,CCC1(CC)C(=O)NC(=O)NC1=O,30.0,6.24
0.65,CCC1(CC)C(=O)NC(=O)NC1=O,30.0,6.04
0.65,CCC1(CC)C(=O)NC(=O)NC1=O,25.0,7.43
0.65,CCC1(CC)C(=O)NC(=O)NC1=O,33.0,4.9
0.65,CCC1(CC)C(=O)NC(=O)NC1=O,25.0,7.9
0.65,CCC1(CC)C(=O)NC(=O)NC1=O,30.0,6.66
-0.56,N=C(N)N=c1[nH]c(CSCCC(=N)NS(N)(=O)=O)cs1,25.0,6.48
-0.56,N=C(N)N=c1[nH]c(CSCCC(=N)NS(N)(=O)=O)cs1,25.0,9.06
-0.56,N=C(N)N=c1[nH]c(CSCCC(=N)NS(N)(=O)=O)cs1,25.0,6.09
-0.56,N=C(N)N=c1[nH]c(CSCCC(=N)NS(N)(=O)=O)cs1,25.0,7.83
-0.56,N=C(N)N=c1[nH]c(CSCCC(=N)NS(N)(=O)=O)cs1,25.0,7.54
-0.56,N=C(N)N=c1[nH]c(CSCCC(=N)NS(N)(=O)=O)cs1,25.0,8.71
-0.56,N=C(N)N=c1[nH]c(CSCCC(=N)NS(N)(=O)=O)cs1,25.0,6.89
-0.56,N=C(N)N=c1[nH]c(CSCCC(=N)NS(N)(=O)=O)cs1,25.0,8.2
3.39,N#CC(C#N)=NNc1ccc(Cl)cc1,25.0,7.2
3.38,N#CC(C#N)=NNc1cccc(Cl)c1,25.0,5.0
3.39,N#CC(C#N)=NNc1ccc(Cl)cc1,25.0,3.0
3.39,N#CC(C#N)=NNc1ccc(Cl)cc1,25.0,5.0
3.38,N#CC(C#N)=NNc1cccc(Cl)c1,25.0,7.2
3.38,N#CC(C#N)=NNc1cccc(Cl)c1,25.0,3.0
2.9,N#CC(C#N)=NNc1ccccc1[N+](=O)[O-],25.0,5.0
2.9,N#CC(C#N)=NNc1ccccc1[N+](=O)[O-],25.0,7.2
2.37,N#CC(C#N)=NNc1ccc([N+](=O)[O-])cc1,25.0,5.0
2.37,N#CC(C#N)=NNc1ccc([N+](=O)[O-])cc1,25.0,7.2
0.83,CC(=O)c1ccc(N)cc1,37.0,10.66
2.37,N#CC(C#N)=NNc1ccc([N+](=O)[O-])cc1,25.0,3.0
2.9,N#CC(C#N)=NNc1ccccc1[N+](=O)[O-],25.0,3.0
2.64,N#CC(C#N)=NNc1ccccc1,25.0,7.2
2.64,N#CC(C#N)=NNc1ccccc1,25.0,5.0
2.64,N#CC(C#N)=NNc1ccccc1,25.0,3.0
2.28,N#CC(C#N)=NNc1cccc(O)c1,25.0,3.0
2.28,N#CC(C#N)=NNc1cccc(O)c1,25.0,5.0
2.28,N#CC(C#N)=NNc1cccc(O)c1,25.0,7.2
1.96,Oc1cccc2cccnc12,20.0,7.75
1.96,Oc1cccc2cccnc12,20.0,6.36
1.96,Oc1cccc2cccnc12,20.0,8.55
1.96,Oc1cccc2cccnc12,20.0,5.83
1.96,Oc1cccc2cccnc12,20.0,9.57
1.96,Oc1cccc2cccnc12,20.0,4.03
1.96,Oc1cccc2cccnc12,20.0,9.7
1.96,Oc1cccc2cccnc12,20.0,9.83
1.96,Oc1cccc2cccnc12,20.0,9.95
1.96,Oc1cccc2cccnc12,20.0,9.76
1.96,Oc1cccc2cccnc12,20.0,11.07
1.96,Oc1cccc2cccnc12,25.0,7.36
1.77,O=C(N=c1cn[nH]s1)Nc1ccccc1,25.0,7.0
2.13,O=C(O)/C=C/c1ccccc1,25.0,3.48
2.13,O=C(O)/C=C\c1ccccc1,18.0,2.62
1.19,CC(=O)Oc1ccccc1C(=O)O,30.0,3.0
1.19,CC(=O)Oc1ccccc1C(=O)O,25.0,2.0
1.19,CC(=O)Oc1ccccc1C(=O)O,25.0,4.0
1.19,CC(=O)Oc1ccccc1C(=O)O,22.0,7.4
1.19,CC(=O)Oc1ccccc1C(=O)O,22.0,5.0
1.19,CC(=O)Oc1ccccc1C(=O)O,25.6,4.33
1.19,CC(=O)Oc1ccccc1C(=O)O,25.0,6.5
1.19,CC(=O)Oc1ccccc1C(=O)O,37.0,1.0
1.19,CC(=O)Oc1ccccc1C(=O)O,22.0,1.2
1.52,COC(=O)N=c1[nH]c2ccccc2[nH]1,20.0,8.0
1.52,COC(=O)N=c1[nH]c2ccccc2[nH]1,20.0,7.0
0.05,Nc1ccc(S(=O)(=O)N=c2[nH]ccs2)cc1,37.0,6.75
0.05,Nc1ccc(S(=O)(=O)N=c2[nH]ccs2)cc1,37.0,7.89
0.05,Nc1ccc(S(=O)(=O)N=c2[nH]ccs2)cc1,25.0,7.51
0.05,Nc1ccc(S(=O)(=O)N=c2[nH]ccs2)cc1,25.0,7.25
0.05,Nc1ccc(S(=O)(=O)N=c2[nH]ccs2)cc1,25.0,7.28
0.05,Nc1ccc(S(=O)(=O)N=c2[nH]ccs2)cc1,25.0,7.3
0.05,Nc1ccc(S(=O)(=O)N=c2[nH]ccs2)cc1,25.0,7.23
0.05,Nc1ccc(S(=O)(=O)N=c2[nH]ccs2)cc1,37.0,7.59
0.05,Nc1ccc(S(=O)(=O)N=c2[nH]ccs2)cc1,37.0,7.4
0.05,Nc1ccc(S(=O)(=O)N=c2[nH]ccs2)cc1,25.0,7.64
0.05,Nc1ccc(S(=O)(=O)N=c2[nH]ccs2)cc1,37.0,7.68
0.05,Nc1ccc(S(=O)(=O)N=c2[nH]ccs2)cc1,37.0,7.71
0.05,Nc1ccc(S(=O)(=O)N=c2[nH]ccs2)cc1,37.0,7.44
0.05,Nc1ccc(S(=O)(=O)N=c2[nH]ccs2)cc1,25.0,7.61
0.05,Nc1ccc(S(=O)(=O)N=c2[nH]ccs2)cc1,37.0,6.5
0.05,Nc1ccc(S(=O)(=O)N=c2[nH]ccs2)cc1,37.0,7.35
0.05,Nc1ccc(S(=O)(=O)N=c2[nH]ccs2)cc1,25.0,8.06
0.05,Nc1ccc(S(=O)(=O)N=c2[nH]ccs2)cc1,37.0,7.81
0.05,Nc1ccc(S(=O)(=O)N=c2[nH]ccs2)cc1,37.0,4.61
0.05,Nc1ccc(S(=O)(=O)N=c2[nH]ccs2)cc1,37.0,7.9
0.05,Nc1ccc(S(=O)(=O)N=c2[nH]ccs2)cc1,37.0,7.79
0.05,Nc1ccc(S(=O)(=O)N=c2[nH]ccs2)cc1,25.0,6.48
0.05,Nc1ccc(S(=O)(=O)N=c2[nH]ccs2)cc1,25.0,6.67
0.05,Nc1ccc(S(=O)(=O)N=c2[nH]ccs2)cc1,25.0,6.85
0.05,Nc1ccc(S(=O)(=O)N=c2[nH]ccs2)cc1,37.0,6.88
0.05,Nc1ccc(S(=O)(=O)N=c2[nH]ccs2)cc1,37.0,6.49
0.05,Nc1ccc(S(=O)(=O)N=c2[nH]ccs2)cc1,37.0,6.72
0.05,Nc1ccc(S(=O)(=O)N=c2[nH]ccs2)cc1,25.0,7.38
0.05,Nc1ccc(S(=O)(=O)N=c2[nH]ccs2)cc1,25.0,7.32
0.05,Nc1ccc(S(=O)(=O)N=c2[nH]ccs2)cc1,25.0,6.32
0.05,Nc1ccc(S(=O)(=O)N=c2[nH]ccs2)cc1,25.0,6.17
0.05,Nc1ccc(S(=O)(=O)N=c2[nH]ccs2)cc1,25.0,6.12
0.05,Nc1ccc(S(=O)(=O)N=c2[nH]ccs2)cc1,37.0,5.8
0.05,Nc1ccc(S(=O)(=O)N=c2[nH]ccs2)cc1,37.0,5.89
0.05,Nc1ccc(S(=O)(=O)N=c2[nH]ccs2)cc1,37.0,7.78
0.05,Nc1ccc(S(=O)(=O)N=c2[nH]ccs2)cc1,37.0,5.9
0.05,Nc1ccc(S(=O)(=O)N=c2[nH]ccs2)cc1,37.0,6.08
0.05,Nc1ccc(S(=O)(=O)N=c2[nH]ccs2)cc1,37.0,4.9
0.05,Nc1ccc(S(=O)(=O)N=c2[nH]ccs2)cc1,37.0,7.06
0.05,Nc1ccc(S(=O)(=O)N=c2[nH]ccs2)cc1,37.0,7.12
0.05,Nc1ccc(S(=O)(=O)N=c2[nH]ccs2)cc1,37.0,7.1
0.05,Nc1ccc(S(=O)(=O)N=c2[nH]ccs2)cc1,37.0,7.02
0.05,Nc1ccc(S(=O)(=O)N=c2[nH]ccs2)cc1,37.0,7.07
0.05,Nc1ccc(S(=O)(=O)N=c2[nH]ccs2)cc1,37.0,6.9
0.05,Nc1ccc(S(=O)(=O)N=c2[nH]ccs2)cc1,25.0,6.33
0.54,Cc1n[nH]c(=NS(=O)(=O)c2ccc(N)cc2)s1,37.0,5.17
0.54,Cc1n[nH]c(=NS(=O)(=O)c2ccc(N)cc2)s1,37.0,4.91
0.54,Cc1n[nH]c(=NS(=O)(=O)c2ccc(N)cc2)s1,37.0,4.82
0.54,Cc1n[nH]c(=NS(=O)(=O)c2ccc(N)cc2)s1,37.0,5.57
0.54,Cc1n[nH]c(=NS(=O)(=O)c2ccc(N)cc2)s1,37.0,2.04
0.54,Cc1n[nH]c(=NS(=O)(=O)c2ccc(N)cc2)s1,37.0,5.53
0.54,Cc1n[nH]c(=NS(=O)(=O)c2ccc(N)cc2)s1,37.0,1.17
0.54,Cc1n[nH]c(=NS(=O)(=O)c2ccc(N)cc2)s1,37.0,1.88
0.54,Cc1n[nH]c(=NS(=O)(=O)c2ccc(N)cc2)s1,37.0,4.56
0.54,Cc1n[nH]c(=NS(=O)(=O)c2ccc(N)cc2)s1,25.0,5.29
0.54,Cc1n[nH]c(=NS(=O)(=O)c2ccc(N)cc2)s1,25.0,3.05
0.54,Cc1n[nH]c(=NS(=O)(=O)c2ccc(N)cc2)s1,37.0,7.48
0.54,Cc1n[nH]c(=NS(=O)(=O)c2ccc(N)cc2)s1,37.0,6.2
0.54,Cc1n[nH]c(=NS(=O)(=O)c2ccc(N)cc2)s1,37.0,2.41
0.54,Cc1n[nH]c(=NS(=O)(=O)c2ccc(N)cc2)s1,37.0,6.3
0.54,Cc1n[nH]c(=NS(=O)(=O)c2ccc(N)cc2)s1,37.0,6.08
0.54,Cc1n[nH]c(=NS(=O)(=O)c2ccc(N)cc2)s1,37.0,4.5
0.54,Cc1n[nH]c(=NS(=O)(=O)c2ccc(N)cc2)s1,37.0,5.5
0.54,Cc1n[nH]c(=NS(=O)(=O)c2ccc(N)cc2)s1,37.0,6.14
0.54,Cc1n[nH]c(=NS(=O)(=O)c2ccc(N)cc2)s1,37.0,5.0
0.54,Cc1n[nH]c(=NS(=O)(=O)c2ccc(N)cc2)s1,37.0,6.6
0.54,Cc1n[nH]c(=NS(=O)(=O)c2ccc(N)cc2)s1,37.0,6.0
0.54,Cc1n[nH]c(=NS(=O)(=O)c2ccc(N)cc2)s1,37.0,1.24
0.54,Cc1n[nH]c(=NS(=O)(=O)c2ccc(N)cc2)s1,37.0,3.39
0.54,Cc1n[nH]c(=NS(=O)(=O)c2ccc(N)cc2)s1,37.0,2.92
0.54,Cc1n[nH]c(=NS(=O)(=O)c2ccc(N)cc2)s1,37.0,7.3
0.54,Cc1n[nH]c(=NS(=O)(=O)c2ccc(N)cc2)s1,37.0,3.57
0.54,Cc1n[nH]c(=NS(=O)(=O)c2ccc(N)cc2)s1,37.0,6.32
2.89,CCc1ccc(C(=O)O)cc1,22.0,3.0
0.87,CC(C)COC(=O)n1cc(F)c(=O)[nH]c1=O,22.0,4.0
0.89,CCCCOC(=O)n1cc(F)c(=O)[nH]c1=O,22.0,4.0
-2.26,NC(Cc1ccc(O)cc1)C(=O)O,25.0,7.0
0.95,C=CCC1(CC)C(=O)NC(=O)NC1=O,23.0,3.5
-1.66,N=c1[nH]c(=O)c2ncn(COC(CO)CO)c2[nH]1,23.0,7.0
0.97,CCC1(C(C)C)C(=O)NC(=O)NC1=O,33.0,5.0
0.97,CCC1(C(C)C)C(=O)NC(=O)NC1=O,33.0,7.9
1.15,CCC1(CC)C(=O)NC(=O)N(C)C1=O,25.0,8.3
1.15,CCC1(CC)C(=O)NC(=O)N(C)C1=O,25.0,4.7
0.66,CCCC1(CC)C(=O)NC(=O)NC1=O,25.0,5.0
0.97,CCC1(C(C)C)C(=O)NC(=O)NC1=O,25.0,5.0
0.97,CCC1(C(C)C)C(=O)NC(=O)NC1=O,25.0,7.9
2.93,CC(C)N=c1nc(Cl)[nH]c(=NC(C)C)[nH]1,20.0,10.0
0.95,CCC(CC)(C(=O)NC(N)=O)C(=O)OC,23.0,3.5
2.69,CCN=c1[nH]c(OC)nc(=NC(C)C)[nH]1,26.0,7.0
2.98,CCN=c1[nH]c(SC)nc(=NC(C)C)[nH]1,26.0,3.0
3.68,N#CC(C#N)=NNc1ccc(OC(F)(F)F)cc1,25.0,5.0
3.68,N#CC(C#N)=NNc1ccc(OC(F)(F)F)cc1,25.0,7.2
2.04,[O-][n+]1nc(-n2ccnc2)nc2ccc(Cl)cc21,20.0,4.0
2.47,c1ccc2[nH]c(-c3cscn3)nc2c1,21.0,6.0
2.47,c1ccc2[nH]c(-c3cscn3)nc2c1,25.0,2.0
1.19,Nc1cnn(-c2ccccc2)c(=O)c1Cl,20.0,7.0
3.2,Cc1ccc(NN=C(C#N)C#N)cc1,25.0,3.0
3.2,Cc1ccc(NN=C(C#N)C#N)cc1,25.0,7.2
3.2,Cc1ccc(NN=C(C#N)C#N)cc1,25.0,5.0
2.68,Cc1cc2ccccc2cn1,20.0,8.72
-0.97,Nc1c(S(=O)(=O)O)ccc2ccccc12,20.0,2.9846
-0.97,Nc1c(S(=O)(=O)O)ccc2ccccc12,20.0,1.9387
-1.16,Nc1ccc2ccccc2c1S(=O)(=O)O,25.0,2.1277
3.53,O=C(O)CCCOc1ccc(Cl)cc1Cl,22.0,4.33
-0.09,Nc1ccc(S(=O)(=O)N=c2nccc[nH]2)cc1,37.0,6.55
-0.09,Nc1ccc(S(=O)(=O)N=c2nccc[nH]2)cc1,37.0,7.44
-0.09,Nc1ccc(S(=O)(=O)N=c2nccc[nH]2)cc1,37.0,6.8
-0.09,Nc1ccc(S(=O)(=O)N=c2nccc[nH]2)cc1,37.0,7.2
-0.09,Nc1ccc(S(=O)(=O)N=c2nccc[nH]2)cc1,25.0,6.01
-0.09,Nc1ccc(S(=O)(=O)N=c2nccc[nH]2)cc1,25.0,6.82
-0.09,Nc1ccc(S(=O)(=O)N=c2nccc[nH]2)cc1,25.0,4.89
-0.09,Nc1ccc(S(=O)(=O)N=c2nccc[nH]2)cc1,25.0,3.06
-0.09,Nc1ccc(S(=O)(=O)N=c2nccc[nH]2)cc1,37.0,6.89
-0.09,Nc1ccc(S(=O)(=O)N=c2nccc[nH]2)cc1,37.0,6.0
-0.09,Nc1ccc(S(=O)(=O)N=c2nccc[nH]2)cc1,37.0,6.12
-0.09,Nc1ccc(S(=O)(=O)N=c2nccc[nH]2)cc1,37.0,5.5
-0.09,Nc1ccc(S(=O)(=O)N=c2nccc[nH]2)cc1,37.0,4.8
-0.09,Nc1ccc(S(=O)(=O)N=c2nccc[nH]2)cc1,37.0,6.5
-0.09,Nc1ccc(S(=O)(=O)N=c2nccc[nH]2)cc1,37.0,7.94
-0.09,Nc1ccc(S(=O)(=O)N=c2nccc[nH]2)cc1,37.0,7.5
-0.09,Nc1ccc(S(=O)(=O)N=c2nccc[nH]2)cc1,37.0,7.3
-0.09,Nc1ccc(S(=O)(=O)N=c2nccc[nH]2)cc1,25.0,6.35
-0.09,Nc1ccc(S(=O)(=O)N=c2nccc[nH]2)cc1,37.0,6.38
-0.09,Nc1ccc(S(=O)(=O)N=c2nccc[nH]2)cc1,25.0,7.56
-0.09,Nc1ccc(S(=O)(=O)N=c2nccc[nH]2)cc1,37.0,5.25
-0.09,Nc1ccc(S(=O)(=O)N=c2nccc[nH]2)cc1,25.0,8.0
-0.09,Nc1ccc(S(=O)(=O)N=c2nccc[nH]2)cc1,25.0,7.67
-0.09,Nc1ccc(S(=O)(=O)N=c2nccc[nH]2)cc1,25.0,1.55
-0.09,Nc1ccc(S(=O)(=O)N=c2nccc[nH]2)cc1,25.0,2.31
-0.09,Nc1ccc(S(=O)(=O)N=c2nccc[nH]2)cc1,25.0,7.23
-0.09,Nc1ccc(S(=O)(=O)N=c2nccc[nH]2)cc1,25.0,2.69
-0.09,Nc1ccc(S(=O)(=O)N=c2nccc[nH]2)cc1,37.0,6.9
-0.09,Nc1ccc(S(=O)(=O)N=c2nccc[nH]2)cc1,37.0,5.7
-0.09,Nc1ccc(S(=O)(=O)N=c2nccc[nH]2)cc1,25.0,1.89
-0.09,Nc1ccc(S(=O)(=O)N=c2nccc[nH]2)cc1,37.0,7.4
-0.09,Nc1ccc(S(=O)(=O)N=c2nccc[nH]2)cc1,37.0,6.37
-0.09,Nc1ccc(S(=O)(=O)N=c2nccc[nH]2)cc1,37.0,7.32
-0.09,Nc1ccc(S(=O)(=O)N=c2nccc[nH]2)cc1,37.0,6.87
-0.09,Nc1ccc(S(=O)(=O)N=c2nccc[nH]2)cc1,37.0,7.85
-0.09,Nc1ccc(S(=O)(=O)N=c2nccc[nH]2)cc1,37.0,5.24
-0.09,Nc1ccc(S(=O)(=O)N=c2nccc[nH]2)cc1,37.0,6.92
-0.09,Nc1ccc(S(=O)(=O)N=c2nccc[nH]2)cc1,37.0,6.11
-0.09,Nc1ccc(S(=O)(=O)N=c2nccc[nH]2)cc1,37.0,7.6
-0.09,Nc1ccc(S(=O)(=O)N=c2nccc[nH]2)cc1,37.0,6.4
-0.09,Nc1ccc(S(=O)(=O)N=c2nccc[nH]2)cc1,37.0,5.73
-0.09,Nc1ccc(S(=O)(=O)N=c2nccc[nH]2)cc1,37.0,5.41
-0.09,Nc1ccc(S(=O)(=O)N=c2nccc[nH]2)cc1,37.0,6.93
0.89,Cc1cc(=NS(=O)(=O)c2ccc(N)cc2)[nH]o1,25.0,1.15
0.89,Cc1cc(=NS(=O)(=O)c2ccc(N)cc2)[nH]o1,25.0,2.08
0.89,Cc1cc(=NS(=O)(=O)c2ccc(N)cc2)[nH]o1,25.0,5.41
0.89,Cc1cc(=NS(=O)(=O)c2ccc(N)cc2)[nH]o1,25.0,0.45
0.89,Cc1cc(=NS(=O)(=O)c2ccc(N)cc2)[nH]o1,37.0,5.98
0.89,Cc1cc(=NS(=O)(=O)c2ccc(N)cc2)[nH]o1,37.0,4.96
0.89,Cc1cc(=NS(=O)(=O)c2ccc(N)cc2)[nH]o1,25.0,7.83
0.89,Cc1cc(=NS(=O)(=O)c2ccc(N)cc2)[nH]o1,32.0,7.16
0.89,Cc1cc(=NS(=O)(=O)c2ccc(N)cc2)[nH]o1,32.0,7.81
0.89,Cc1cc(=NS(=O)(=O)c2ccc(N)cc2)[nH]o1,25.0,7.17
0.89,Cc1cc(=NS(=O)(=O)c2ccc(N)cc2)[nH]o1,25.0,5.5
0.89,Cc1cc(=NS(=O)(=O)c2ccc(N)cc2)[nH]o1,25.0,7.0
0.89,Cc1cc(=NS(=O)(=O)c2ccc(N)cc2)[nH]o1,37.0,2.32
0.89,Cc1cc(=NS(=O)(=O)c2ccc(N)cc2)[nH]o1,37.0,1.15
0.89,Cc1cc(=NS(=O)(=O)c2ccc(N)cc2)[nH]o1,32.0,0.45
0.89,Cc1cc(=NS(=O)(=O)c2ccc(N)cc2)[nH]o1,32.0,3.36
0.89,Cc1cc(=NS(=O)(=O)c2ccc(N)cc2)[nH]o1,37.0,0.45
0.89,Cc1cc(=NS(=O)(=O)c2ccc(N)cc2)[nH]o1,32.0,5.45
0.89,Cc1cc(=NS(=O)(=O)c2ccc(N)cc2)[nH]o1,37.0,7.01
0.89,Cc1cc(=NS(=O)(=O)c2ccc(N)cc2)[nH]o1,37.0,3.43
0.89,Cc1cc(=NS(=O)(=O)c2ccc(N)cc2)[nH]o1,32.0,4.04
0.89,Cc1cc(=NS(=O)(=O)c2ccc(N)cc2)[nH]o1,37.0,7.79
0.89,Cc1cc(=NS(=O)(=O)c2ccc(N)cc2)[nH]o1,37.0,7.16
0.89,Cc1cc(=NS(=O)(=O)c2ccc(N)cc2)[nH]o1,37.0,5.48
0.89,Cc1cc(=NS(=O)(=O)c2ccc(N)cc2)[nH]o1,32.0,2.24
0.89,Cc1cc(=NS(=O)(=O)c2ccc(N)cc2)[nH]o1,32.0,1.15
0.89,Cc1cc(=NS(=O)(=O)c2ccc(N)cc2)[nH]o1,37.0,4.11
2.59,CCOc1ccc2nc(S(=O)(=O)NC)sc2c1,37.0,7.2
1.01,CCc1n[nH]c(=NS(=O)(=O)c2ccc(N)cc2)s1,37.0,7.1
1.01,CCc1n[nH]c(=NS(=O)(=O)c2ccc(N)cc2)s1,37.0,5.2
1.01,CCc1n[nH]c(=NS(=O)(=O)c2ccc(N)cc2)s1,37.0,4.5
1.01,CCc1n[nH]c(=NS(=O)(=O)c2ccc(N)cc2)s1,37.0,5.7
1.01,CCc1n[nH]c(=NS(=O)(=O)c2ccc(N)cc2)s1,37.0,6.6
1.01,CCc1n[nH]c(=NS(=O)(=O)c2ccc(N)cc2)s1,37.0,6.2
1.01,CCc1n[nH]c(=NS(=O)(=O)c2ccc(N)cc2)s1,37.0,3.8
1.01,CCc1n[nH]c(=NS(=O)(=O)c2ccc(N)cc2)s1,37.0,6.8
1.01,CCc1n[nH]c(=NS(=O)(=O)c2ccc(N)cc2)s1,37.0,4.6
1.01,CCc1n[nH]c(=NS(=O)(=O)c2ccc(N)cc2)s1,37.0,5.6
3.04,CCCOC(=O)c1ccc(O)cc1,25.0,5.46
2.27,CCCNC(=O)NS(=O)(=O)c1ccc(Cl)cc1,37.0,5.8
2.27,CCCNC(=O)NS(=O)(=O)c1ccc(Cl)cc1,37.0,5.94
2.27,CCCNC(=O)NS(=O)(=O)c1ccc(Cl)cc1,37.0,3.13
2.27,CCCNC(=O)NS(=O)(=O)c1ccc(Cl)cc1,37.0,4.41
2.27,CCCNC(=O)NS(=O)(=O)c1ccc(Cl)cc1,37.0,2.65
2.27,CCCNC(=O)NS(=O)(=O)c1ccc(Cl)cc1,37.0,3.28
2.27,CCCNC(=O)NS(=O)(=O)c1ccc(Cl)cc1,37.0,4.03
2.27,CCCNC(=O)NS(=O)(=O)c1ccc(Cl)cc1,36.0,5.66
2.27,CCCNC(=O)NS(=O)(=O)c1ccc(Cl)cc1,37.0,5.42
2.27,CCCNC(=O)NS(=O)(=O)c1ccc(Cl)cc1,37.0,4.92
2.27,CCCNC(=O)NS(=O)(=O)c1ccc(Cl)cc1,37.0,6.23
2.27,CCCNC(=O)NS(=O)(=O)c1ccc(Cl)cc1,37.0,5.48
2.27,CCCNC(=O)NS(=O)(=O)c1ccc(Cl)cc1,37.0,6.01
3.84,CCC(C)c1ccc(O)c([N+](=O)[O-])c1,20.0,1.5
1.73,CC(=O)N(C)S(=O)(=O)c1ccc(C)cc1,22.0,7.4
0.04,Cc1cn(C2CC(N=[N+]=[N-])C(CO)O2)c(=O)[nH]c1=O,25.0,7.0
-1.89,N=c1[nH]c(=O)c2ncn(C3OC(CO)C(O)C3O)c2[nH]1,23.0,7.0
0.85,CN(C)CNC(=O)c1ccccc1,22.0,11.2
1.65,CCC(C)C1(CC)C(=O)NC(=O)NC1=O,33.0,5.0
1.65,CCC(C)C1(CC)C(=O)NC(=O)NC1=O,25.0,5.0
1.65,CCC(C)C1(CC)C(=O)NC(=O)NC1=O,25.0,4.7
1.73,CCCCC1(CC)C(=O)NC(=O)NC1=O,25.0,5.0
1.65,CCC(C)C1(CC)C(=O)NC(=O)NC1=O,25.0,8.0
1.65,CCC(C)C1(CC)C(=O)NC(=O)NC1=O,33.0,8.0
1.73,CCCCC1(CC)C(=O)NC(=O)NC1=O,33.0,7.9
1.73,CCCCC1(CC)C(=O)NC(=O)NC1=O,25.0,7.9
0.4,CN=C(NCCSCc1[nH]cnc1C)NC#N,25.0,5.0
0.4,CN=C(NCCSCc1[nH]cnc1C)NC#N,25.0,6.8
0.4,CN=C(NCCSCc1[nH]cnc1C)NC#N,25.0,7.4
1.45,CCOC(=O)C(CC)(CC)C(=O)NC(N)=O,23.0,3.5
3.51,CCCC(=O)OC(C)OP(=O)(OCC)OCC,25.0,7.0
2.15,N#CC(C#N)=NNc1ccc(C(=O)CCl)cc1,25.0,7.0
2.15,N#CC(C#N)=NNc1ccc(C(=O)CCl)cc1,25.0,5.0
1.73,O=C(Oc1ccccc1)n1c(=O)[nH]cc(F)c1=O,22.0,4.0
0.64,O=C(Oc1ccccc1)n1cc(F)c(=O)[nH]c1=O,22.0,4.0
-1.11,Cc1cnc2c(C(=O)O)c(Cl)ccc2c1,25.0,9.0
2.1,CC(=O)c1ccc(NN=C(C#N)C#N)cc1,25.0,3.0
3.28,O=C(O)c1ccc2ccccc2c1,25.0,1.0
3.58,N#CC(C#N)=NNc1ccc(CCCl)cc1,25.0,5.0
3.58,N#CC(C#N)=NNc1ccc(CCCl)cc1,25.0,7.2
3.58,N#CC(C#N)=NNc1ccc(CCCl)cc1,25.0,3.0
1.83,CC(=O)Nc1ccc(NN=C(C#N)C#N)cc1,25.0,3.0
1.83,CC(=O)Nc1ccc(NN=C(C#N)C#N)cc1,25.0,7.2
1.83,CC(=O)Nc1ccc(NN=C(C#N)C#N)cc1,25.0,5.0
0.82,Nc1ccc(S(=O)(=O)N=c2[nH]cccc2Cl)cc1,37.0,7.0
0.35,Nc1ccc(S(=O)(=O)N=c2cccc[nH]2)cc1,37.0,7.81
0.35,Nc1ccc(S(=O)(=O)N=c2cccc[nH]2)cc1,37.0,7.25
0.35,Nc1ccc(S(=O)(=O)N=c2cccc[nH]2)cc1,37.0,5.1
1.73,N=c1[nH]c(N)ccc1N=Nc1ccccc1,25.0,4.46
1.73,N=c1[nH]c(N)ccc1N=Nc1ccccc1,25.0,4.78
1.73,N=c1[nH]c(N)ccc1N=Nc1ccccc1,25.0,4.4
1.73,N=c1[nH]c(N)ccc1N=Nc1ccccc1,25.0,5.37
0.38,Cc1cc(=O)n(-c2ccccc2)n1C,25.0,7.4
1.34,CCC1(c2ccccc2)NC(=O)NC1=O,37.0,7.0
0.14,Cc1cc[nH]c(=NS(=O)(=O)c2ccc(N)cc2)n1,37.0,5.5
0.14,Cc1cc[nH]c(=NS(=O)(=O)c2ccc(N)cc2)n1,37.0,7.5
0.14,Cc1cc[nH]c(=NS(=O)(=O)c2ccc(N)cc2)n1,37.0,6.5
0.14,Cc1cc[nH]c(=NS(=O)(=O)c2ccc(N)cc2)n1,25.0,4.58
0.14,Cc1cc[nH]c(=NS(=O)(=O)c2ccc(N)cc2)n1,30.0,4.58
0.14,Cc1cc[nH]c(=NS(=O)(=O)c2ccc(N)cc2)n1,35.0,4.58
0.14,Cc1cc[nH]c(=NS(=O)(=O)c2ccc(N)cc2)n1,40.0,4.58
0.14,Cc1cc[nH]c(=NS(=O)(=O)c2ccc(N)cc2)n1,25.0,5.5
0.14,Cc1cc[nH]c(=NS(=O)(=O)c2ccc(N)cc2)n1,25.0,7.0
0.14,Cc1cc[nH]c(=NS(=O)(=O)c2ccc(N)cc2)n1,37.0,5.24
0.14,Cc1cc[nH]c(=NS(=O)(=O)c2ccc(N)cc2)n1,37.0,5.41
0.14,Cc1cc[nH]c(=NS(=O)(=O)c2ccc(N)cc2)n1,37.0,6.27
0.14,Cc1cc[nH]c(=NS(=O)(=O)c2ccc(N)cc2)n1,37.0,6.41
0.14,Cc1cc[nH]c(=NS(=O)(=O)c2ccc(N)cc2)n1,37.0,6.95
0.14,Cc1cc[nH]c(=NS(=O)(=O)c2ccc(N)cc2)n1,37.0,7.07
0.14,Cc1cc[nH]c(=NS(=O)(=O)c2ccc(N)cc2)n1,37.0,7.3
0.14,Cc1cc[nH]c(=NS(=O)(=O)c2ccc(N)cc2)n1,37.0,7.57
0.14,Cc1cc[nH]c(=NS(=O)(=O)c2ccc(N)cc2)n1,37.0,6.0
0.14,Cc1cc[nH]c(=NS(=O)(=O)c2ccc(N)cc2)n1,37.0,4.9
0.14,Cc1cc[nH]c(=NS(=O)(=O)c2ccc(N)cc2)n1,37.0,5.9
0.14,Cc1cc[nH]c(=NS(=O)(=O)c2ccc(N)cc2)n1,37.0,6.4
0.14,Cc1cc[nH]c(=NS(=O)(=O)c2ccc(N)cc2)n1,37.0,6.8
0.14,Cc1cc[nH]c(=NS(=O)(=O)c2ccc(N)cc2)n1,37.0,7.2
0.14,Cc1cc[nH]c(=NS(=O)(=O)c2ccc(N)cc2)n1,37.0,7.6
0.41,COc1cnc(=NS(=O)(=O)c2ccc(N)cc2)[nH]c1,37.0,6.62
0.32,COc1ccc(=NS(=O)(=O)c2ccc(N)cc2)[nH]n1,37.0,6.2
0.41,COc1cnc(=NS(=O)(=O)c2ccc(N)cc2)[nH]c1,37.0,8.48
0.41,COc1cnc(=NS(=O)(=O)c2ccc(N)cc2)[nH]c1,37.0,8.07
0.41,COc1cnc(=NS(=O)(=O)c2ccc(N)cc2)[nH]c1,37.0,7.67
0.41,COc1cnc(=NS(=O)(=O)c2ccc(N)cc2)[nH]c1,37.0,8.88
0.41,COc1cnc(=NS(=O)(=O)c2ccc(N)cc2)[nH]c1,37.0,7.22
0.41,COc1cnc(=NS(=O)(=O)c2ccc(N)cc2)[nH]c1,37.0,6.96
0.32,COc1ccc(=NS(=O)(=O)c2ccc(N)cc2)[nH]n1,37.0,7.0
0.32,COc1ccc(=NS(=O)(=O)c2ccc(N)cc2)[nH]n1,37.0,6.5
0.32,COc1ccc(=NS(=O)(=O)c2ccc(N)cc2)[nH]n1,37.0,4.5
0.32,COc1ccc(=NS(=O)(=O)c2ccc(N)cc2)[nH]n1,37.0,4.8
0.32,COc1ccc(=NS(=O)(=O)c2ccc(N)cc2)[nH]n1,37.0,5.4
0.32,COc1ccc(=NS(=O)(=O)c2ccc(N)cc2)[nH]n1,37.0,5.9
0.32,COc1ccc(=NS(=O)(=O)c2ccc(N)cc2)[nH]n1,37.0,5.0
0.41,COc1cnc(=NS(=O)(=O)c2ccc(N)cc2)[nH]c1,37.0,5.37
0.32,COc1ccc(=NS(=O)(=O)c2ccc(N)cc2)[nH]n1,37.0,6.0
2.02,CC(=O)Nc1cc(NS(=O)(=O)C(F)(F)F)c(C)cc1C,22.0,4.0515
1.21,CN(C)C(=O)COC(=O)c1ccccc1O,21.0,7.4
1.01,Cc1[nH]oc(=NS(=O)(=O)c2ccc(N)cc2)c1C,25.0,1.17
1.01,Cc1[nH]oc(=NS(=O)(=O)c2ccc(N)cc2)c1C,37.0,3.3
0.48,Cc1c/c(=N\S(=O)(=O)c2ccc(N)cc2)n(C)o1,37.0,6.0
0.59,Cc1[nH]c(=NS(=O)(=O)c2ccc(N)cc2)oc1C,37.0,5.98
1.76,Cc1cc(N(C)S(=O)(=O)c2ccc(N)cc2)no1,37.0,7.0
0.59,Cc1[nH]c(=NS(=O)(=O)c2ccc(N)cc2)oc1C,37.0,4.96
0.59,Cc1[nH]c(=NS(=O)(=O)c2ccc(N)cc2)oc1C,47.0,1.3
0.59,Cc1[nH]c(=NS(=O)(=O)c2ccc(N)cc2)oc1C,37.0,6.76
1.01,Cc1[nH]oc(=NS(=O)(=O)c2ccc(N)cc2)c1C,37.0,6.0
1.01,Cc1[nH]oc(=NS(=O)(=O)c2ccc(N)cc2)c1C,25.0,6.0
1.01,Cc1[nH]oc(=NS(=O)(=O)c2ccc(N)cc2)c1C,37.0,6.8
1.01,Cc1[nH]oc(=NS(=O)(=O)c2ccc(N)cc2)c1C,37.0,6.4
1.01,Cc1[nH]oc(=NS(=O)(=O)c2ccc(N)cc2)c1C,25.0,5.0
1.01,Cc1[nH]oc(=NS(=O)(=O)c2ccc(N)cc2)c1C,37.0,4.5
1.01,Cc1[nH]oc(=NS(=O)(=O)c2ccc(N)cc2)c1C,37.0,5.0
1.01,Cc1[nH]oc(=NS(=O)(=O)c2ccc(N)cc2)c1C,37.0,7.2
1.01,Cc1[nH]oc(=NS(=O)(=O)c2ccc(N)cc2)c1C,37.0,5.5
1.01,Cc1[nH]oc(=NS(=O)(=O)c2ccc(N)cc2)c1C,37.0,5.9
1.01,Cc1[nH]oc(=NS(=O)(=O)c2ccc(N)cc2)c1C,37.0,6.3
0.54,CCCc1n[nH]c(=NS(=O)(=O)c2ccc(N)cc2)s1,37.0,5.34
0.54,CCCc1n[nH]c(=NS(=O)(=O)c2ccc(N)cc2)s1,37.0,4.72
0.54,CCCc1n[nH]c(=NS(=O)(=O)c2ccc(N)cc2)s1,37.0,4.63
0.54,CCCc1n[nH]c(=NS(=O)(=O)c2ccc(N)cc2)s1,37.0,6.14
0.54,CCCc1n[nH]c(=NS(=O)(=O)c2ccc(N)cc2)s1,37.0,5.89
0.54,CC(C)c1n[nH]c(=NS(=O)(=O)c2ccc(N)cc2)s1,37.0,3.85
0.54,CC(C)c1n[nH]c(=NS(=O)(=O)c2ccc(N)cc2)s1,37.0,4.61
0.54,CC(C)c1n[nH]c(=NS(=O)(=O)c2ccc(N)cc2)s1,37.0,4.02
0.54,CCCc1n[nH]c(=NS(=O)(=O)c2ccc(N)cc2)s1,37.0,5.57
0.54,CCCc1n[nH]c(=NS(=O)(=O)c2ccc(N)cc2)s1,37.0,5.39
0.54,CC(C)c1n[nH]c(=NS(=O)(=O)c2ccc(N)cc2)s1,37.0,5.23
0.54,CC(C)c1n[nH]c(=NS(=O)(=O)c2ccc(N)cc2)s1,37.0,6.5
0.54,CC(C)c1n[nH]c(=NS(=O)(=O)c2ccc(N)cc2)s1,37.0,6.79
0.54,CC(C)c1n[nH]c(=NS(=O)(=O)c2ccc(N)cc2)s1,37.0,5.54
0.54,CC(C)c1n[nH]c(=NS(=O)(=O)c2ccc(N)cc2)s1,37.0,5.95
0.54,CC(C)c1n[nH]c(=NS(=O)(=O)c2ccc(N)cc2)s1,37.0,6.55
0.54,CC(C)c1n[nH]c(=NS(=O)(=O)c2ccc(N)cc2)s1,37.0,6.63
0.54,CC(C)c1n[nH]c(=NS(=O)(=O)c2ccc(N)cc2)s1,37.0,6.87
0.54,CCCc1n[nH]c(=NS(=O)(=O)c2ccc(N)cc2)s1,37.0,3.44
0.54,CCCc1n[nH]c(=NS(=O)(=O)c2ccc(N)cc2)s1,37.0,6.58
0.54,CCCc1n[nH]c(=NS(=O)(=O)c2ccc(N)cc2)s1,37.0,4.09
0.54,CCCc1n[nH]c(=NS(=O)(=O)c2ccc(N)cc2)s1,37.0,6.31
0.54,CCCc1n[nH]c(=NS(=O)(=O)c2ccc(N)cc2)s1,37.0,6.55
0.54,CC(C)c1n[nH]c(=NS(=O)(=O)c2ccc(N)cc2)s1,37.0,6.46
0.54,CC(C)c1n[nH]c(=NS(=O)(=O)c2ccc(N)cc2)s1,37.0,5.45
0.54,CC(C)c1n[nH]c(=NS(=O)(=O)c2ccc(N)cc2)s1,37.0,5.98
0.54,CC(C)c1n[nH]c(=NS(=O)(=O)c2ccc(N)cc2)s1,37.0,6.38
3.97,CCCCc1ccc(C(=O)O)cc1,22.0,3.0
2.04,CCCCCCOC(=O)n1cc(F)c(=O)[nH]c1=O,22.0,4.0
2.87,CCCCOC(=O)c1ccc(N)cc1,37.0,7.4
1.9,CNC(=O)Oc1ccc(N(C)C)c(C)c1,20.0,9.0
1.57,CC/C=C(\C)C1(CC)C(=O)NC(=O)NC1=O,25.0,5.0
1.47,C=CCC1(C(C)CC)C(=O)NC(=O)NC1=O,25.0,7.4
1.57,CC/C=C(\C)C1(CC)C(=O)NC(=O)NC1=O,25.0,7.9
1.57,CC/C=C(\C)C1(CC)C(=O)NC(=O)NC1=O,33.0,5.0
1.57,CC/C=C(\C)C1(CC)C(=O)NC(=O)NC1=O,33.0,7.9
1.96,CCCCNC(=O)NS(=O)(=O)c1ccccc1,37.0,5.09
1.96,CCCCNC(=O)NS(=O)(=O)c1ccccc1,37.0,3.12
1.96,CCCCNC(=O)NS(=O)(=O)c1ccccc1,37.0,6.02
1.96,CCCCNC(=O)NS(=O)(=O)c1ccccc1,37.0,6.63
1.96,CCCCNC(=O)NS(=O)(=O)c1ccccc1,37.0,5.76
1.96,CCCCNC(=O)NS(=O)(=O)c1ccccc1,37.0,4.31
1.96,CCCCNC(=O)NS(=O)(=O)c1ccccc1,37.0,6.36
1.96,CCCCNC(=O)NS(=O)(=O)c1ccccc1,37.0,6.4
1.96,CCCCNC(=O)NS(=O)(=O)c1ccccc1,37.0,6.49
1.96,CCCCNC(=O)NS(=O)(=O)c1ccccc1,37.0,5.67
1.96,CCCCNC(=O)NS(=O)(=O)c1ccccc1,37.0,3.91
1.37,C=CCC(CC=C)(C(=O)NC(N)=O)C(=O)OC,23.0,3.5
1.01,CCCCNC(=O)NS(=O)(=O)c1ccc(N)cc1,39.0,7.45
1.01,CCCCNC(=O)NS(=O)(=O)c1ccc(N)cc1,39.0,7.0
1.01,CCCCNC(=O)NS(=O)(=O)c1ccc(N)cc1,39.0,7.2
1.01,CCCCNC(=O)NS(=O)(=O)c1ccc(N)cc1,39.0,6.42
1.01,CCCCNC(=O)NS(=O)(=O)c1ccc(N)cc1,37.0,6.17
1.01,CCCCNC(=O)NS(=O)(=O)c1ccc(N)cc1,39.0,7.3
1.01,CCCCNC(=O)NS(=O)(=O)c1ccc(N)cc1,37.0,4.33
1.01,CCCCNC(=O)NS(=O)(=O)c1ccc(N)cc1,37.0,5.43
1.01,CCCCNC(=O)NS(=O)(=O)c1ccc(N)cc1,37.0,4.5
1.01,CCCCNC(=O)NS(=O)(=O)c1ccc(N)cc1,39.0,6.65
1.01,CCCCNC(=O)NS(=O)(=O)c1ccc(N)cc1,39.0,6.75
1.01,CCCCNC(=O)NS(=O)(=O)c1ccc(N)cc1,39.0,7.25
1.01,CCCCNC(=O)NS(=O)(=O)c1ccc(N)cc1,39.0,6.5
1.01,CCCCNC(=O)NS(=O)(=O)c1ccc(N)cc1,37.0,4.73
1.01,CCCCNC(=O)NS(=O)(=O)c1ccc(N)cc1,37.0,6.19
1.01,CCCCNC(=O)NS(=O)(=O)c1ccc(N)cc1,39.0,5.0
1.01,CCCCNC(=O)NS(=O)(=O)c1ccc(N)cc1,39.0,2.6
1.01,CCCCNC(=O)NS(=O)(=O)c1ccc(N)cc1,39.0,0.1
1.01,CCCCNC(=O)NS(=O)(=O)c1ccc(N)cc1,39.0,3.8
1.01,CCCCNC(=O)NS(=O)(=O)c1ccc(N)cc1,39.0,2.2
1.01,CCCCNC(=O)NS(=O)(=O)c1ccc(N)cc1,39.0,6.18
1.01,CCCCNC(=O)NS(=O)(=O)c1ccc(N)cc1,37.0,3.89
1.01,CCCCNC(=O)NS(=O)(=O)c1ccc(N)cc1,37.0,3.96
1.01,CCCCNC(=O)NS(=O)(=O)c1ccc(N)cc1,37.0,3.26
1.01,CCCCNC(=O)NS(=O)(=O)c1ccc(N)cc1,37.0,6.71
1.01,CCCCNC(=O)NS(=O)(=O)c1ccc(N)cc1,37.0,5.85
1.01,CCCCNC(=O)NS(=O)(=O)c1ccc(N)cc1,37.0,5.87
1.01,CCCCNC(=O)NS(=O)(=O)c1ccc(N)cc1,37.0,6.44
1.01,CCCCNC(=O)NS(=O)(=O)c1ccc(N)cc1,37.0,5.64
1.01,CCCCNC(=O)NS(=O)(=O)c1ccc(N)cc1,37.0,6.5
1.01,CCCCNC(=O)NS(=O)(=O)c1ccc(N)cc1,39.0,1.5
1.01,CCCCNC(=O)NS(=O)(=O)c1ccc(N)cc1,37.0,6.64
1.01,CCCCNC(=O)NS(=O)(=O)c1ccc(N)cc1,39.0,0.9
1.01,CCCCNC(=O)NS(=O)(=O)c1ccc(N)cc1,39.0,1.3
2.85,CCCC(C)C1(CC)C(=O)NC(=S)NC1=O,25.0,7.4
2.85,CCCC(C)C1(CC)C(=O)NC(=S)NC1=O,25.0,5.0
2.85,CCCC(C)C1(CC)C(=O)NC(=S)NC1=O,25.0,4.7
2.85,CCCC(C)C1(CC)C(=O)NC(=S)NC1=O,25.0,3.0
2.85,CCCC(C)C1(CC)C(=O)NC(=S)NC1=O,25.0,4.4
2.1,CCC(C)CC1(CC)C(=O)NC(=O)NC1=O,25.0,7.4
2.1,CCC(C)CC1(CC)C(=O)NC(=O)NC1=O,25.0,5.0
2.1,CCC(C)CC1(CC)C(=O)NC(=O)NC1=O,25.0,5.1
2.1,CCC(C)CC1(CC)C(=O)NC(=O)NC1=O,25.0,8.0
2.07,CCC1(CCC(C)C)C(=O)NC(=O)NC1=O,25.0,5.0
2.1,CCC(C)CC1(CC)C(=O)NC(=O)NC1=O,25.0,4.4
2.07,CCC1(CCC(C)C)C(=O)NC(=O)NC1=O,25.0,4.9
2.1,CCC(C)CC1(CC)C(=O)NC(=O)NC1=O,25.0,4.7
2.07,CCC1(CCC(C)C)C(=O)NC(=O)NC1=O,33.0,7.9
0.99,CCC(CC)(C(=O)NC(N)=O)C(=O)OCC(=O)OC,23.0,3.5
2.3,CCCCc1c(C)[nH]c(=NCC)[nH]c1=O,22.0,7.84
1.9,CCCCc1c(C)[nH]c(N(C)C)nc1=O,25.0,7.58
1.99,CCC(CC)(C(=O)NC(N)=O)C(=O)OC(C)C,23.0,3.5
4.2,CCN(CC)c1nc(C)cc(OP(=S)(OC)OC)n1,30.0,5.2
4.2,CCN(CC)c1nc(C)cc(OP(=S)(OC)OC)n1,20.0,7.3
4.2,CCN(CC)c1nc(C)cc(OP(=S)(OC)OC)n1,30.0,9.3
3.86,C=CCCCCCCCCC(=O)O,30.0,4.2145
1.18,O=C(OCc1ccccc1)n1cc(F)c(=O)[nH]c1=O,22.0,4.0
1.11,O=C(OCn1c(=O)[nH]cc(F)c1=O)Oc1ccccc1,22.0,4.0
2.05,COC(=O)n1c(-c2cscn2)nc2ccccc21,21.0,6.0
3.2,O=C(N=c1cc[nH]c(Cl)c1)Nc1ccccc1,21.0,6.4
3.09,Oc1ccccc1-c1ccccc1,23.0,8.0
3.09,Oc1ccccc1-c1ccccc1,23.0,10.3
3.09,Oc1ccccc1-c1ccccc1,23.0,9.39
3.09,Oc1ccccc1-c1ccccc1,23.0,8.75
3.09,Oc1ccccc1-c1ccccc1,23.0,9.21
3.09,Oc1ccccc1-c1ccccc1,23.0,9.1
3.09,Oc1ccccc1-c1ccccc1,23.0,7.02
3.09,Oc1ccccc1-c1ccccc1,23.0,10.71
3.09,Oc1ccccc1-c1ccccc1,23.0,9.51
3.09,Oc1ccccc1-c1ccccc1,23.0,6.06
3.09,Oc1ccccc1-c1ccccc1,23.0,9.92
3.09,Oc1ccccc1-c1ccccc1,23.0,8.37
3.09,Oc1ccccc1-c1ccccc1,23.0,7.58
3.09,Oc1ccccc1-c1ccccc1,23.0,9.73
2.56,NS(=O)(=O)c1cc(C(=O)O)c(NCc2ccco2)cc1Cl,25.0,2.53
2.56,NS(=O)(=O)c1cc(C(=O)O)c(NCc2ccco2)cc1Cl,25.0,3.57
2.56,NS(=O)(=O)c1cc(C(=O)O)c(NCc2ccco2)cc1Cl,25.0,4.0
2.56,NS(=O)(=O)c1cc(C(=O)O)c(NCc2ccco2)cc1Cl,25.0,1.22
2.56,NS(=O)(=O)c1cc(C(=O)O)c(NCc2ccco2)cc1Cl,25.0,4.6
2.56,NS(=O)(=O)c1cc(C(=O)O)c(NCc2ccco2)cc1Cl,25.0,6.08
2.56,NS(=O)(=O)c1cc(C(=O)O)c(NCc2ccco2)cc1Cl,25.0,4.34
2.56,NS(=O)(=O)c1cc(C(=O)O)c(NCc2ccco2)cc1Cl,25.0,6.28
2.56,NS(=O)(=O)c1cc(C(=O)O)c(NCc2ccco2)cc1Cl,25.0,3.0
2.56,NS(=O)(=O)c1cc(C(=O)O)c(NCc2ccco2)cc1Cl,25.0,6.7711
0.5,CC(=O)NCc1c(I)c(NC(C)=O)c(I)c(C(=O)O)c1I,20.0,3.0
0.5,CC(=O)NCc1c(I)c(NC(C)=O)c(I)c(C(=O)O)c1I,20.0,3.8
0.5,CC(=O)NCc1c(I)c(NC(C)=O)c(I)c(C(=O)O)c1I,20.0,1.0
0.5,CC(=O)NCc1c(I)c(NC(C)=O)c(I)c(C(=O)O)c1I,20.0,4.0
0.5,CC(=O)NCc1c(I)c(NC(C)=O)c(I)c(C(=O)O)c1I,20.0,2.0
0.5,CC(=O)NCc1c(I)c(NC(C)=O)c(I)c(C(=O)O)c1I,20.0,3.6
0.29,Cc1nc(=O)c(C#N)c(NCc2cccnc2)[nH]1,25.0,9.45
0.29,Cc1nc(=O)c(C#N)c(NCc2cccnc2)[nH]1,25.0,4.03
0.29,Cc1nc(=O)c(C#N)c(NCc2cccnc2)[nH]1,25.0,5.29
0.29,Cc1nc(=O)c(C#N)c(NCc2cccnc2)[nH]1,25.0,3.76
0.29,Cc1nc(=O)c(C#N)c(NCc2cccnc2)[nH]1,25.0,9.35
0.29,Cc1nc(=O)c(C#N)c(NCc2cccnc2)[nH]1,25.0,8.23
0.29,Cc1nc(=O)c(C#N)c(NCc2cccnc2)[nH]1,25.0,3.29
0.29,Cc1nc(=O)c(C#N)c(NCc2cccnc2)[nH]1,25.0,8.74
0.29,Cc1nc(=O)c(C#N)c(NCc2cccnc2)[nH]1,25.0,3.6
0.29,Cc1nc(=O)c(C#N)c(NCc2cccnc2)[nH]1,25.0,5.75
0.29,Cc1nc(=O)c(C#N)c(NCc2cccnc2)[nH]1,25.0,8.57
0.29,Cc1nc(=O)c(C#N)c(NCc2cccnc2)[nH]1,25.0,4.22
0.29,Cc1nc(=O)c(C#N)c(NCc2cccnc2)[nH]1,25.0,8.59
0.29,Cc1nc(=O)c(C#N)c(NCc2cccnc2)[nH]1,25.0,3.48
0.29,Cc1nc(=O)c(C#N)c(NCc2cccnc2)[nH]1,25.0,8.51
0.29,Cc1nc(=O)c(C#N)c(NCc2cccnc2)[nH]1,25.0,6.03
0.29,Cc1nc(=O)c(C#N)c(NCc2cccnc2)[nH]1,25.0,9.63
0.29,Cc1nc(=O)c(C#N)c(NCc2cccnc2)[nH]1,25.0,7.92
0.29,Cc1nc(=O)c(C#N)c(NCc2cccnc2)[nH]1,25.0,7.0
0.29,Cc1nc(=O)c(C#N)c(NCc2cccnc2)[nH]1,25.0,5.52
0.29,Cc1nc(=O)c(C#N)c(NCc2cccnc2)[nH]1,25.0,10.33
0.29,Cc1nc(=O)c(C#N)c(NCc2cccnc2)[nH]1,25.0,10.2
0.29,Cc1nc(=O)c(C#N)c(NCc2cccnc2)[nH]1,25.0,5.22
0.29,Cc1nc(=O)c(C#N)c(NCc2cccnc2)[nH]1,25.0,4.48
0.29,Cc1nc(=O)c(C#N)c(NCc2cccnc2)[nH]1,25.0,4.74
0.29,Cc1nc(=O)c(C#N)c(NCc2cccnc2)[nH]1,25.0,8.27
0.29,Cc1nc(=O)c(C#N)c(NCc2cccnc2)[nH]1,25.0,9.24
0.29,Cc1nc(=O)c(C#N)c(NCc2cccnc2)[nH]1,25.0,9.62
0.29,Cc1nc(=O)c(C#N)c(NCc2cccnc2)[nH]1,25.0,4.95
0.98,N=c1[nH]c(=N)c2nc(-c3ccccc3)c(=N)[nH]c2[nH]1,37.0,6.18
0.98,N=c1[nH]c(=N)c2nc(-c3ccccc3)c(=N)[nH]c2[nH]1,37.0,6.47
0.98,N=c1[nH]c(=N)c2nc(-c3ccccc3)c(=N)[nH]c2[nH]1,37.0,8.2535
0.98,N=c1[nH]c(=N)c2nc(-c3ccccc3)c(=N)[nH]c2[nH]1,37.0,6.84
0.98,N=c1[nH]c(=N)c2nc(-c3ccccc3)c(=N)[nH]c2[nH]1,37.0,5.27
0.98,N=c1[nH]c(=N)c2nc(-c3ccccc3)c(=N)[nH]c2[nH]1,37.0,5.98
0.98,N=c1[nH]c(=N)c2nc(-c3ccccc3)c(=N)[nH]c2[nH]1,37.0,4.93
1.47,CCC1(c2ccccc2)C(=O)NC(=O)NC1=O,25.0,5.0
1.47,CCC1(c2ccccc2)C(=O)NC(=O)NC1=O,25.0,6.64
1.47,CCC1(c2ccccc2)C(=O)NC(=O)NC1=O,25.0,5.89
1.47,CCC1(c2ccccc2)C(=O)NC(=O)NC1=O,25.0,6.68
1.47,CCC1(c2ccccc2)C(=O)NC(=O)NC1=O,25.0,7.28
1.47,CCC1(c2ccccc2)C(=O)NC(=O)NC1=O,25.0,8.0
1.47,CCC1(c2ccccc2)C(=O)NC(=O)NC1=O,25.0,6.12
1.47,CCC1(c2ccccc2)C(=O)NC(=O)NC1=O,25.0,7.11
1.47,CCC1(c2ccccc2)C(=O)NC(=O)NC1=O,25.0,7.0
1.47,CCC1(c2ccccc2)C(=O)NC(=O)NC1=O,25.0,7.4
1.41,CCn1cc(C(=O)O)c(=O)c2ccc(C)nc21,30.0,3.3
1.47,CCC1(c2ccccc2)C(=O)NC(=O)NC1=O,25.0,6.45
1.47,CCC1(c2ccccc2)C(=O)NC(=O)NC1=O,25.0,4.4
1.47,CCC1(c2ccccc2)C(=O)NC(=O)NC1=O,25.0,7.16
1.47,CCC1(c2ccccc2)C(=O)NC(=O)NC1=O,25.0,7.15
1.47,CCC1(c2ccccc2)C(=O)NC(=O)NC1=O,33.0,7.4
1.47,CCC1(c2ccccc2)C(=O)NC(=O)NC1=O,25.0,7.1
1.47,CCC1(c2ccccc2)C(=O)NC(=O)NC1=O,33.0,4.4
1.47,CCC1(c2ccccc2)C(=O)NC(=O)NC1=O,25.0,7.3
1.47,CCC1(c2ccccc2)C(=O)NC(=O)NC1=O,25.0,7.36
1.47,CCC1(c2ccccc2)C(=O)NC(=O)NC1=O,25.0,6.91
0.91,O=C(Cn1ccnc1[N+](=O)[O-])NCc1ccccc1,37.0,7.4
1.3,CN(c1ccccn1)S(=O)(=O)c1ccc(N)cc1,37.0,6.0
1.3,Cn1cccc/c1=N\S(=O)(=O)c1ccc(N)cc1,37.0,6.0
0.2,COC(=O)c1sccc1S(=O)(=O)NC(=O)N=c1nc(C)[nH]c(OC)n1,25.0,5.0
0.2,COC(=O)c1sccc1S(=O)(=O)NC(=O)N=c1nc(C)[nH]c(OC)n1,25.0,4.0
0.2,COC(=O)c1sccc1S(=O)(=O)NC(=O)N=c1nc(C)[nH]c(OC)n1,25.0,6.0
0.2,COC(=O)c1sccc1S(=O)(=O)NC(=O)N=c1nc(C)[nH]c(OC)n1,25.0,7.0
4.12,O=[N+]([O-])c1cc(C2CCCCC2)c(O)c([N+](=O)[O-])c1,25.0,1.0
4.12,O=[N+]([O-])c1cc(C2CCCCC2)c(O)c([N+](=O)[O-])c1,25.0,6.5
0.28,Cc1cc(C)[nH]c(=NS(=O)(=O)c2ccc(N)cc2)n1,37.0,6.8
0.28,Cc1cc(C)[nH]c(=NS(=O)(=O)c2ccc(N)cc2)n1,37.0,6.5
0.28,Cc1cc(C)[nH]c(=NS(=O)(=O)c2ccc(N)cc2)n1,37.0,7.6
0.28,Cc1cc(C)[nH]c(=NS(=O)(=O)c2ccc(N)cc2)n1,37.0,7.2
0.28,Cc1cc(C)[nH]c(=NS(=O)(=O)c2ccc(N)cc2)n1,37.0,6.4
0.28,Cc1cc(C)[nH]c(=NS(=O)(=O)c2ccc(N)cc2)n1,37.0,7.69
0.28,Cc1cc(C)[nH]c(=NS(=O)(=O)c2ccc(N)cc2)n1,37.0,5.27
0.28,Cc1cc(C)[nH]c(=NS(=O)(=O)c2ccc(N)cc2)n1,37.0,8.0
-0.33,Cc1cc(=NS(=O)(=O)c2ccc(N)cc2)[nH]c(C)n1,37.0,1.17
0.28,Cc1cc(C)[nH]c(=NS(=O)(=O)c2ccc(N)cc2)n1,37.0,7.28
0.28,Cc1cc(C)[nH]c(=NS(=O)(=O)c2ccc(N)cc2)n1,37.0,6.0
0.28,Cc1cc(C)[nH]c(=NS(=O)(=O)c2ccc(N)cc2)n1,37.0,5.41
0.28,Cc1cc(C)[nH]c(=NS(=O)(=O)c2ccc(N)cc2)n1,37.0,7.5
0.28,Cc1cc(C)[nH]c(=NS(=O)(=O)c2ccc(N)cc2)n1,37.0,7.0
0.28,Cc1cc(C)[nH]c(=NS(=O)(=O)c2ccc(N)cc2)n1,37.0,6.28
0.28,Cc1cc(C)[nH]c(=NS(=O)(=O)c2ccc(N)cc2)n1,37.0,5.5
0.28,Cc1cc(C)[nH]c(=NS(=O)(=O)c2ccc(N)cc2)n1,37.0,6.44
0.28,Cc1cc(C)[nH]c(=NS(=O)(=O)c2ccc(N)cc2)n1,37.0,6.95
1.12,CCn1ccc(=NS(=O)(=O)c2ccc(N)cc2)[nH]c1=O,25.0,5.0
1.63,COc1cc(=NS(=O)(=O)c2ccc(N)cc2)[nH]c(OC)n1,37.0,1.17
0.7,COc1[nH]cnc(=NS(=O)(=O)c2ccc(N)cc2)c1OC,37.0,7.0
0.7,COc1[nH]cnc(=NS(=O)(=O)c2ccc(N)cc2)c1OC,37.0,6.0
0.7,COc1[nH]cnc(=NS(=O)(=O)c2ccc(N)cc2)c1OC,37.0,5.0
0.7,COc1[nH]cnc(=NS(=O)(=O)c2ccc(N)cc2)c1OC,37.0,4.0
0.86,CN(CCO)C(=O)COC(=O)c1ccccc1O,21.0,7.4
1.98,CN1C(=O)NC(=O)C(C)(C2=CCCCC2)C1=O,25.0,5.0
1.98,CN1C(=O)NC(=O)C(C)(C2=CCCCC2)C1=O,23.0,3.5
1.77,CCC1(C2=CCCCC2)C(=O)NC(=O)NC1=O,25.0,4.8514
1.77,CCC1(C2=CCCCC2)C(=O)NC(=O)NC1=O,20.0,4.7
3.35,CC(C)Cc1ccc(CC(=O)O)cc1,37.0,7.2
3.35,CC(C)Cc1ccc(CC(=O)O)cc1,37.0,1.3
0.2,CCN(CC)CC(=O)OCn1ncc2c(=O)[nH]cnc21,22.0,8.0
2.34,CCCCNC(=O)NS(=O)(=O)c1ccc(C)cc1,37.0,6.2
2.34,CCCCNC(=O)NS(=O)(=O)c1ccc(C)cc1,27.0,5.25
2.34,CCCCNC(=O)NS(=O)(=O)c1ccc(C)cc1,27.0,6.8
2.34,CCCCNC(=O)NS(=O)(=O)c1ccc(C)cc1,27.0,8.42
2.34,CCCCNC(=O)NS(=O)(=O)c1ccc(C)cc1,37.0,7.0
2.34,CCCCNC(=O)NS(=O)(=O)c1ccc(C)cc1,37.5,5.2
2.34,CCCCNC(=O)NS(=O)(=O)c1ccc(C)cc1,27.0,3.38
2.34,CCCCNC(=O)NS(=O)(=O)c1ccc(C)cc1,37.5,5.85
2.34,CCCCNC(=O)NS(=O)(=O)c1ccc(C)cc1,37.0,7.2
2.34,CCCCNC(=O)NS(=O)(=O)c1ccc(C)cc1,37.0,3.14
2.34,CCCCNC(=O)NS(=O)(=O)c1ccc(C)cc1,37.0,3.6
2.34,CCCCNC(=O)NS(=O)(=O)c1ccc(C)cc1,37.5,7.12
2.34,CCCCNC(=O)NS(=O)(=O)c1ccc(C)cc1,27.0,4.74
2.34,CCCCNC(=O)NS(=O)(=O)c1ccc(C)cc1,27.0,4.43
2.34,CCCCNC(=O)NS(=O)(=O)c1ccc(C)cc1,37.0,5.52
2.34,CCCCNC(=O)NS(=O)(=O)c1ccc(C)cc1,27.0,6.6
2.34,CCCCNC(=O)NS(=O)(=O)c1ccc(C)cc1,27.0,5.69
2.34,CCCCNC(=O)NS(=O)(=O)c1ccc(C)cc1,37.0,4.9
2.34,CCCCNC(=O)NS(=O)(=O)c1ccc(C)cc1,37.0,6.39
2.34,CCCCNC(=O)NS(=O)(=O)c1ccc(C)cc1,37.5,7.08
2.34,CCCCNC(=O)NS(=O)(=O)c1ccc(C)cc1,37.5,6.35
2.34,CCCCNC(=O)NS(=O)(=O)c1ccc(C)cc1,27.0,6.35
2.34,CCCCNC(=O)NS(=O)(=O)c1ccc(C)cc1,27.0,4.27
2.34,CCCCNC(=O)NS(=O)(=O)c1ccc(C)cc1,27.0,8.0
2.34,CCCCNC(=O)NS(=O)(=O)c1ccc(C)cc1,37.0,2.91
2.34,CCCCNC(=O)NS(=O)(=O)c1ccc(C)cc1,27.0,7.1
2.34,CCCCNC(=O)NS(=O)(=O)c1ccc(C)cc1,37.0,2.2
2.34,CCCCNC(=O)NS(=O)(=O)c1ccc(C)cc1,27.0,1.83
2.34,CCCCNC(=O)NS(=O)(=O)c1ccc(C)cc1,27.0,3.91
2.34,CCCCNC(=O)NS(=O)(=O)c1ccc(C)cc1,37.0,6.73
2.34,CCCCNC(=O)NS(=O)(=O)c1ccc(C)cc1,37.0,6.65
2.34,CCCCNC(=O)NS(=O)(=O)c1ccc(C)cc1,27.0,2.78
2.34,CCCCNC(=O)NS(=O)(=O)c1ccc(C)cc1,37.0,5.9
2.34,CCCCNC(=O)NS(=O)(=O)c1ccc(C)cc1,37.5,4.86
2.34,CCCCNC(=O)NS(=O)(=O)c1ccc(C)cc1,37.0,5.23
2.34,CCCCNC(=O)NS(=O)(=O)c1ccc(C)cc1,27.0,1.35
2.34,CCCCNC(=O)NS(=O)(=O)c1ccc(C)cc1,27.0,7.19
2.34,CCCCNC(=O)NS(=O)(=O)c1ccc(C)cc1,37.5,6.73
2.09,CCCCNC(=O)NS(=O)(=O)c1ccc(OC)cc1,37.0,2.71
2.09,CCCCNC(=O)NS(=O)(=O)c1ccc(OC)cc1,37.0,5.45
2.09,CCCCNC(=O)NS(=O)(=O)c1ccc(OC)cc1,37.0,3.25
2.09,CCCCNC(=O)NS(=O)(=O)c1ccc(OC)cc1,37.0,6.08
2.09,CCCCNC(=O)NS(=O)(=O)c1ccc(OC)cc1,37.0,6.74
2.09,CCCCNC(=O)NS(=O)(=O)c1ccc(OC)cc1,37.0,5.01
2.09,CCCCNC(=O)NS(=O)(=O)c1ccc(OC)cc1,37.0,4.4
2.09,CCCCNC(=O)NS(=O)(=O)c1ccc(OC)cc1,37.0,3.18
2.09,CCCCNC(=O)NS(=O)(=O)c1ccc(OC)cc1,37.0,3.93
2.09,CCCCNC(=O)NS(=O)(=O)c1ccc(OC)cc1,37.0,6.31
2.09,CCCCNC(=O)NS(=O)(=O)c1ccc(OC)cc1,37.0,6.93
2.09,CCCCNC(=O)NS(=O)(=O)c1ccc(OC)cc1,37.0,4.52
2.09,CCCCNC(=O)NS(=O)(=O)c1ccc(OC)cc1,37.0,2.12
2.09,CCCCNC(=O)NS(=O)(=O)c1ccc(OC)cc1,37.0,5.75
2.09,CCCCNC(=O)NS(=O)(=O)c1ccc(OC)cc1,37.0,5.09
2.09,CCCCNC(=O)NS(=O)(=O)c1ccc(OC)cc1,37.0,6.25
2.09,CCCCNC(=O)NS(=O)(=O)c1ccc(OC)cc1,37.0,4.68
2.09,CCCCNC(=O)NS(=O)(=O)c1ccc(OC)cc1,37.0,4.81
2.09,CCCCNC(=O)NS(=O)(=O)c1ccc(OC)cc1,37.0,6.52
4.6,CCCCCCCCCCCC(=O)O,20.0,3.0
4.2,CCCCCCCCCCCC(=O)O,20.0,7.0
4.2,CCCCCCCCCCCC(=O)O,20.0,4.0
4.2,CCCCCCCCCCCC(=O)O,20.0,6.0
4.2,CCCCCCCCCCCC(=O)O,20.0,5.0
4.04,O=C(c1ccc(Cl)cc1)c1cc(F)ccc1O,37.0,9.8
4.04,O=C(c1ccc(Cl)cc1)c1cc(F)ccc1O,37.0,1.5
4.04,O=C(c1ccc(Cl)cc1)c1cc(F)ccc1O,37.0,9.4
4.04,O=C(c1ccc(Cl)cc1)c1cc(F)ccc1O,37.0,9.0
4.04,O=C(c1ccc(Cl)cc1)c1cc(F)ccc1O,37.0,2.5
4.04,O=C(c1ccc(Cl)cc1)c1cc(F)ccc1O,37.0,4.1
4.04,O=C(c1ccc(Cl)cc1)c1cc(F)ccc1O,37.0,6.9
4.04,O=C(c1ccc(Cl)cc1)c1cc(F)ccc1O,37.0,8.0
4.19,O=C(Nc1ccc([N+](=O)[O-])cc1Cl)c1cc(Cl)ccc1O,20.0,9.1
1.0,O=C(Nc1ccc([N+](=O)[O-])cc1Cl)c1cc(Cl)ccc1O,20.0,6.4
4.44,O=C(O)c1cc(-c2ccc(F)cc2F)ccc1O,25.0,2.0
4.44,O=C(O)c1cc(-c2ccc(F)cc2F)ccc1O,25.0,7.4
1.59,O=C(O)c1ccc[nH]c1=Nc1cccc(C(F)(F)F)c1,22.0,3.0
1.59,O=C(O)c1ccc[nH]c1=Nc1cccc(C(F)(F)F)c1,20.0,3.65
1.59,O=C(O)c1ccc[nH]c1=Nc1cccc(C(F)(F)F)c1,20.0,4.75
1.59,O=C(O)c1ccc[nH]c1=Nc1cccc(C(F)(F)F)c1,20.0,5.355
1.59,O=C(O)c1ccc[nH]c1=Nc1cccc(C(F)(F)F)c1,22.0,5.0
1.59,O=C(O)c1ccc[nH]c1=Nc1cccc(C(F)(F)F)c1,22.0,6.0
1.59,O=C(O)c1ccc[nH]c1=Nc1cccc(C(F)(F)F)c1,22.0,2.0
1.59,O=C(O)c1ccc[nH]c1=Nc1cccc(C(F)(F)F)c1,22.0,4.0
1.59,O=C(O)c1ccc[nH]c1=Nc1cccc(C(F)(F)F)c1,20.0,5.7
1.59,O=C(O)c1ccc[nH]c1=Nc1cccc(C(F)(F)F)c1,25.0,2.0
1.59,O=C(O)c1ccc[nH]c1=Nc1cccc(C(F)(F)F)c1,20.0,6.2
1.59,O=C(O)c1ccc[nH]c1=Nc1cccc(C(F)(F)F)c1,20.0,2.55
1.59,O=C(O)c1ccc[nH]c1=Nc1cccc(C(F)(F)F)c1,20.0,2.155
1.59,O=C(O)c1ccc[nH]c1=Nc1cccc(C(F)(F)F)c1,22.0,1.2
1.59,O=C(O)c1ccc[nH]c1=Nc1cccc(C(F)(F)F)c1,20.0,1.55
1.59,O=C(O)c1ccc[nH]c1=Nc1cccc(C(F)(F)F)c1,20.0,3.2
1.59,O=C(O)c1ccc[nH]c1=Nc1cccc(C(F)(F)F)c1,20.0,4.3
1.59,O=C(O)c1ccc[nH]c1=Nc1cccc(C(F)(F)F)c1,20.0,1.2
0.33,O=C1CCC(N2C(=O)c3ccccc3C2=O)C(=O)N1,25.0,6.4
0.33,O=C1CCC(N2C(=O)c3ccccc3C2=O)C(=O)N1,32.0,6.4
3.56,FC(F)C(F)(F)OCC(Cn1cncn1)c1ccc(Cl)cc1Cl,20.0,7.0
0.94,CCn1cc(C(=O)O)c(=O)c2cc3c(cc21)OCO3,25.0,5.93
2.51,CCOC(=O)n1c(-c2cscn2)nc2ccccc21,21.0,6.0
-0.06,COc1cc(OC)[nH]c(=NC(=O)NS(=O)(=O)c2ncccc2C(F)(F)F)n1,20.0,7.0
2.6,CS(=O)(=O)Nc1ccc([N+](=O)[O-])cc1Oc1ccccc1,25.0,10.17
2.6,CS(=O)(=O)Nc1ccc([N+](=O)[O-])cc1Oc1ccccc1,25.0,7.2
2.6,CS(=O)(=O)Nc1ccc([N+](=O)[O-])cc1Oc1ccccc1,25.0,8.84
2.6,CS(=O)(=O)Nc1ccc([N+](=O)[O-])cc1Oc1ccccc1,25.0,9.42
2.6,CS(=O)(=O)Nc1ccc([N+](=O)[O-])cc1Oc1ccccc1,25.0,7.9
2.6,CS(=O)(=O)Nc1ccc([N+](=O)[O-])cc1Oc1ccccc1,25.0,9.52
1.77,CC(Oc1ccc(Cl)cc1Cl)C(=O)O,20.0,7.0
2.69,CCN=c1[nH]c(OC)nc(=NC(C)C)[nH]1,26.0,3.0
-1.66,N=c1[nH]c(=O)c2ncn(COC(CO)CO)c2[nH]1,23.0,8.0
-1.66,N=c1[nH]c(=O)c2ncn(COC(CO)CO)c2[nH]1,25.0,7.0
-2.74,NC(Cc1ccc(O)c(O)c1)C(=O)O,20.0,7.4
-0.96,O=c1[nH]c(=O)n(C2CC(O)C(CO)O2)cc1I,25.0,7.4
3.79,COc1ccc(CCN(C)CCCC(C#N)(c2ccc(OC)c(OC)c2)C(C)C)cc1OC,37.0,7.0
3.79,COc1ccc(CCN(C)CCCC(C#N)(c2ccc(OC)c(OC)c2)C(C)C)cc1OC,37.0,6.0
3.79,COc1ccc(CCN(C)CCCC(C#N)(c2ccc(OC)c(OC)c2)C(C)C)cc1OC,37.0,5.0
1.85,CC1OC(OC2C(O)CC(OC3C(O)CC(OC4CCC5(C)C(CCC6C5CCC5(C)C(c7coc(O)c7)CCC65O)C4)OC3C)OC2C)CC(O)C1O,20.0,7.4
4.13,CC(C)Cc1ccc(C(C)C(=O)O)cc1,22.0,7.0
4.13,CC(C)Cc1ccc(C(C)C(=O)O)cc1,22.0,7.5
4.27,COc1ccc2c(c1)c(CC(=O)O)c(C)n2C(=O)c1ccc(Cl)cc1,22.0,7.5
3.16,CC(C(=O)O)c1cccc(C(=O)c2ccccc2)c1,22.0,7.0
3.16,CC(C(=O)O)c1cccc(C(=O)c2ccccc2)c1,22.0,7.5
3.24,COc1ccc2cc(C(C)C(=O)O)ccc2c1,22.0,7.5
1.59,O=C(O)c1ccc[nH]c1=Nc1cccc(C(F)(F)F)c1,22.0,7.0
1.59,O=C(O)c1ccc[nH]c1=Nc1cccc(C(F)(F)F)c1,22.0,7.5
2.72,CCCCc1c(O)n(-c2ccc(O)cc2)n(-c2ccccc2)c1=O,22.0,7.0
2.72,CCCCc1c(O)n(-c2ccc(O)cc2)n(-c2ccccc2)c1=O,22.0,7.5
3.16,CCCCc1c(O)n(-c2ccccc2)n(-c2ccccc2)c1=O,22.0,7.0
3.16,CCCCc1c(O)n(-c2ccccc2)n(-c2ccccc2)c1=O,22.0,7.5
5.25,O=C(O)c1ccccc1Nc1cccc(C(F)(F)F)c1,22.0,7.5
1.84,CCC1(c2ccccc2)C(=O)NC(=O)N(C)C1=O,25.0,5.0
1.84,CCC1(c2ccccc2)C(=O)NC(=O)N(C)C1=O,37.0,5.0
1.84,CCC1(c2ccccc2)C(=O)NC(=O)N(C)C1=O,20.0,5.0
0.37,COc1ccc(=NS(=O)(=O)c2ccc(NC(C)=O)cc2)[nH]n1,37.0,4.5
0.37,COc1ccc(=NS(=O)(=O)c2ccc(NC(C)=O)cc2)[nH]n1,37.0,5.4
0.37,COc1ccc(=NS(=O)(=O)c2ccc(NC(C)=O)cc2)[nH]n1,37.0,4.8
0.37,COc1ccc(=NS(=O)(=O)c2ccc(NC(C)=O)cc2)[nH]n1,37.0,5.9
0.37,COc1ccc(=NS(=O)(=O)c2ccc(NC(C)=O)cc2)[nH]n1,37.0,6.2
0.37,COc1ccc(=NS(=O)(=O)c2ccc(NC(C)=O)cc2)[nH]n1,37.0,7.0
3.72,CCCC(Cn1cncn1)c1ccc(Cl)cc1Cl,25.0,5.7
3.72,CCCC(Cn1cncn1)c1ccc(Cl)cc1Cl,20.0,5.7
0.11,CC(C)C1(C)N=C(c2ncccc2C(=O)O)NC1=O,25.0,2.8052
1.99,CCN(CC)C(=O)COC(=O)c1ccccc1O,21.0,7.4
1.64,O=C(NN1CCCCCC1)NS(=O)(=O)c1ccc(Cl)cc1,37.0,7.2
-0.52,NC(Cc1ccc(N(CCCl)CCCl)cc1)C(=O)O,30.0,7.06
2.49,Cc1ccc(S(=O)(=O)NC(=O)NC2CCCC2)cc1,37.0,6.49
2.49,Cc1ccc(S(=O)(=O)NC(=O)NC2CCCC2)cc1,37.0,5.62
2.49,Cc1ccc(S(=O)(=O)NC(=O)NC2CCCC2)cc1,37.0,6.74
2.49,Cc1ccc(S(=O)(=O)NC(=O)NC2CCCC2)cc1,37.0,6.59
2.49,Cc1ccc(S(=O)(=O)NC(=O)NC2CCCC2)cc1,37.0,5.78
2.49,Cc1ccc(S(=O)(=O)NC(=O)NC2CCCC2)cc1,37.0,6.22
2.49,Cc1ccc(S(=O)(=O)NC(=O)NC2CCCC2)cc1,37.0,3.35
2.49,Cc1ccc(S(=O)(=O)NC(=O)NC2CCCC2)cc1,37.0,6.32
2.49,Cc1ccc(S(=O)(=O)NC(=O)NC2CCCC2)cc1,37.0,6.1
2.49,Cc1ccc(S(=O)(=O)NC(=O)NC2CCCC2)cc1,37.0,4.37
2.49,Cc1ccc(S(=O)(=O)NC(=O)NC2CCCC2)cc1,37.0,3.61
2.49,Cc1ccc(S(=O)(=O)NC(=O)NC2CCCC2)cc1,37.0,4.72
2.49,Cc1ccc(S(=O)(=O)NC(=O)NC2CCCC2)cc1,37.0,5.26
2.49,Cc1ccc(S(=O)(=O)NC(=O)NC2CCCC2)cc1,37.0,5.16
2.49,Cc1ccc(S(=O)(=O)NC(=O)NC2CCCC2)cc1,37.0,6.35
2.49,Cc1ccc(S(=O)(=O)NC(=O)NC2CCCC2)cc1,37.0,6.41
2.49,Cc1ccc(S(=O)(=O)NC(=O)NC2CCCC2)cc1,37.0,3.94
2.49,Cc1ccc(S(=O)(=O)NC(=O)NC2CCCC2)cc1,37.0,5.54
4.13,CC(C)Cc1ccc(C(C)C(=O)O)cc1,32.0,5.5
4.13,CC(C)Cc1ccc(C(C)C(=O)O)cc1,25.0,2.0
4.13,CC(C)Cc1ccc(C(C)C(=O)O)cc1,22.0,1.2
4.13,CC(C)Cc1ccc(C(C)C(=O)O)cc1,22.0,5.0
4.13,CC(C)Cc1ccc(C(C)C(=O)O)cc1,22.0,7.4
4.13,CC(C)Cc1ccc(C(C)C(=O)O)cc1,22.0,6.5
4.13,CC(C)Cc1ccc(C(C)C(=O)O)cc1,22.0,6.0
4.13,CC(C)Cc1ccc(C(C)C(=O)O)cc1,22.0,2.0
4.13,CC(C)Cc1ccc(C(C)C(=O)O)cc1,22.0,3.0
4.13,CC(C)Cc1ccc(C(C)C(=O)O)cc1,22.0,4.0
4.13,CC(C)Cc1ccc(C(C)C(=O)O)cc1,32.0,4.0
4.13,CC(C)Cc1ccc(C(C)C(=O)O)cc1,25.0,4.0
4.13,CC(C)Cc1ccc(C(C)C(=O)O)cc1,25.0,3.0
4.13,CC(C)Cc1ccc(C(C)C(=O)O)cc1,25.0,6.82
4.13,CC(C)Cc1ccc(C(C)C(=O)O)cc1,25.0,7.5
4.13,CC(C)Cc1ccc(C(C)C(=O)O)cc1,25.0,5.14
4.13,CC(C)Cc1ccc(C(C)C(=O)O)cc1,25.0,7.4
3.95,CCCCCCOC(=O)c1ccc(N)cc1,24.0,7.4
0.86,CCCCOC(=O)C(N)Cc1ccc(O)c(O)c1,20.0,7.4
3.9,CCCCCCCCNC(=O)n1cc(F)c(=O)[nH]c1=O,37.0,4.0
1.92,CCN(CC)CCOC(=O)c1ccc(N)cc1,25.0,7.8
1.92,CCN(CC)CCOC(=O)c1ccc(N)cc1,22.0,9.1
1.92,CCN(CC)CCOC(=O)c1ccc(N)cc1,25.0,8.02
1.92,CCN(CC)CCOC(=O)c1ccc(N)cc1,25.0,10.3
1.92,CCN(CC)CCOC(=O)c1ccc(N)cc1,25.0,9.1
1.92,CCN(CC)CCOC(=O)c1ccc(N)cc1,25.0,9.33
1.92,CCN(CC)CCOC(=O)c1ccc(N)cc1,22.0,7.4
1.92,CCN(CC)CCOC(=O)c1ccc(N)cc1,25.0,8.19
1.92,CCN(CC)CCOC(=O)c1ccc(N)cc1,25.0,7.9
1.92,CCN(CC)CCOC(=O)c1ccc(N)cc1,25.0,8.33
1.92,CCN(CC)CCOC(=O)c1ccc(N)cc1,37.0,7.4
0.88,CCN(CC)CCNC(=O)c1ccc(N)cc1,22.0,13.0
0.88,CCN(CC)CCNC(=O)c1ccc(N)cc1,22.0,7.4
2.91,CCCCCCCC1(CC)C(=O)NC(=O)NC1=O,25.0,5.0
3.3,Fc1cccc(F)c1-c1nnc(-c2ccccc2Cl)nn1,25.0,7.0
4.1,Clc1ccccc1-c1nnc(-c2ccccc2Cl)nn1,22.0,5.0
4.8,O=C(O)Cc1ccccc1Oc1ccc(Cl)cc1Cl,25.0,5.0
4.8,O=C(O)Cc1ccccc1Oc1ccc(Cl)cc1Cl,25.0,3.0
4.8,O=C(O)Cc1ccccc1Oc1ccc(Cl)cc1Cl,25.0,4.0
4.8,O=C(O)Cc1ccccc1Oc1ccc(Cl)cc1Cl,25.0,2.0
5.25,O=C(O)c1ccccc1Nc1cccc(C(F)(F)F)c1,22.0,5.0
5.25,O=C(O)c1ccccc1Nc1cccc(C(F)(F)F)c1,22.0,7.0
5.25,O=C(O)c1ccccc1Nc1cccc(C(F)(F)F)c1,22.0,6.0
4.4,O=C(O)Cc1ccccc1Nc1c(Cl)cccc1Cl,22.0,7.4
4.4,O=C(O)Cc1ccccc1Nc1c(Cl)cccc1Cl,22.0,5.0
4.4,O=C(O)Cc1ccccc1Nc1c(Cl)cccc1Cl,37.0,3.0
4.4,O=C(O)Cc1ccccc1Nc1c(Cl)cccc1Cl,30.0,2.0
4.4,O=C(O)Cc1ccccc1Nc1c(Cl)cccc1Cl,25.0,4.0
4.4,O=C(O)Cc1ccccc1Nc1c(Cl)cccc1Cl,37.0,7.4
4.4,O=C(O)Cc1ccccc1Nc1c(Cl)cccc1Cl,25.0,6.5
4.4,O=C(O)Cc1ccccc1Nc1c(Cl)cccc1Cl,25.0,1.2
4.4,O=C(O)Cc1ccccc1Nc1c(Cl)cccc1Cl,25.0,2.0
1.15,CN1C(=O)CCC(N2C(=O)c3ccccc3C2=O)C1=O,32.0,6.4
3.4,CC(C(=O)O)c1ccc(C(=O)c2cccs2)cc1,25.0,4.0
3.4,CC(C(=O)O)c1ccc(C(=O)c2cccs2)cc1,25.0,2.0
3.4,CC(C(=O)O)c1ccc(C(=O)c2cccs2)cc1,25.0,6.5
2.98,CCCOC(=O)n1c(-c2cscn2)nc2ccccc21,21.0,6.0
3.24,COc1ccc2cc(C(C)C(=O)O)ccc2c1,25.0,6.5
3.24,COc1ccc2cc(C(C)C(=O)O)ccc2c1,25.0,2.0
3.24,COc1ccc2cc(C(C)C(=O)O)ccc2c1,25.0,4.0
3.24,COc1ccc2cc(C(C)C(=O)O)ccc2c1,22.0,2.0
3.24,COc1ccc2cc(C(C)C(=O)O)ccc2c1,22.0,6.0
3.24,COc1ccc2cc(C(C)C(=O)O)ccc2c1,22.0,1.2
3.24,COc1ccc2cc(C(C)C(=O)O)ccc2c1,22.0,5.0
3.24,COc1ccc2cc(C(C)C(=O)O)ccc2c1,22.0,4.0
3.24,COc1ccc2cc(C(C)C(=O)O)ccc2c1,22.0,3.0
3.24,COc1ccc2cc(C(C)C(=O)O)ccc2c1,25.0,7.98
3.24,COc1ccc2cc(C(C)C(=O)O)ccc2c1,25.0,6.79
3.24,COc1ccc2cc(C(C)C(=O)O)ccc2c1,22.0,7.0
3.24,COc1ccc2cc(C(C)C(=O)O)ccc2c1,25.0,5.0
3.24,COc1ccc2cc(C(C)C(=O)O)ccc2c1,25.0,2.45
3.24,COc1ccc2cc(C(C)C(=O)O)ccc2c1,25.0,5.24
3.24,COc1ccc2cc(C(C)C(=O)O)ccc2c1,25.0,4.38
3.24,COc1ccc2cc(C(C)C(=O)O)ccc2c1,25.0,3.97
3.24,COc1ccc2cc(C(C)C(=O)O)ccc2c1,25.0,4.5
3.24,COc1ccc2cc(C(C)C(=O)O)ccc2c1,25.0,2.92
3.24,COc1ccc2cc(C(C)C(=O)O)ccc2c1,25.0,3.5
3.24,COc1ccc2cc(C(C)C(=O)O)ccc2c1,25.0,3.13
3.24,COc1ccc2cc(C(C)C(=O)O)ccc2c1,25.0,1.12
3.34,COc1ccc2cc(C(C)C(=O)O)ccc2c1,22.0,7.4
3.24,COc1ccc2cc(C(C)C(=O)O)ccc2c1,25.0,1.1
3.24,COc1ccc2cc(C(C)C(=O)O)ccc2c1,22.0,6.5
3.24,COc1ccc2cc(C(C)C(=O)O)ccc2c1,25.0,5.21
3.24,COc1ccc2cc(C(C)C(=O)O)ccc2c1,25.0,5.84
3.24,COc1ccc2cc(C(C)C(=O)O)ccc2c1,25.0,4.23
1.02,O=C(OCC(=O)N1CCCC1C(=O)O)c1ccccc1,22.0,2.0
2.25,CCN(CC)C(=O)C(C#N)=Cc1cc(O)c(O)c([N+](=O)[O-])c1,22.0,1.2
2.25,CCN(CC)C(=O)C(C#N)=Cc1cc(O)c(O)c([N+](=O)[O-])c1,22.0,5.0
2.25,CCN(CC)C(=O)C(C#N)=Cc1cc(O)c(O)c([N+](=O)[O-])c1,22.0,7.4
-1.74,COC(=O)c1ccccc1S(=O)(=O)NC(=O)N=c1nc(C)[nH]c(OC)n1,25.0,6.11
-1.74,COC(=O)c1ccccc1S(=O)(=O)NC(=O)N=c1nc(C)[nH]c(OC)n1,25.0,4.59
-1.74,COC(=O)c1ccccc1S(=O)(=O)NC(=O)N=c1nc(C)[nH]c(OC)n1,25.0,5.42
-0.59,COc1nc(=NC(=O)NS(=O)(=O)c2ccccc2OCCCl)nc(C)[nH]1,25.0,7.0
-1.8,COc1nc(=NC(=O)NS(=O)(=O)c2ccccc2OCCCl)nc(C)[nH]1,20.0,8.4
1.1,COc1nc(=NC(=O)NS(=O)(=O)c2ccccc2OCCCl)nc(C)[nH]1,20.0,7.0
1.1,COc1nc(=NC(=O)NS(=O)(=O)c2ccccc2OCCCl)nc(C)[nH]1,25.0,5.0
0.91,COc1cc(Cc2c[nH]c(=N)[nH]c2=N)cc(OC)c1OC,32.0,6.07
0.91,COc1cc(Cc2c[nH]c(=N)[nH]c2=N)cc(OC)c1OC,32.0,9.13
0.91,COc1cc(Cc2c[nH]c(=N)[nH]c2=N)cc(OC)c1OC,32.0,6.12
0.91,COc1cc(Cc2c[nH]c(=N)[nH]c2=N)cc(OC)c1OC,32.0,6.84
0.91,COc1cc(Cc2c[nH]c(=N)[nH]c2=N)cc(OC)c1OC,32.0,8.61
0.91,COc1cc(Cc2c[nH]c(=N)[nH]c2=N)cc(OC)c1OC,32.0,6.31
0.91,COc1cc(Cc2c[nH]c(=N)[nH]c2=N)cc(OC)c1OC,32.0,5.79
2.12,CCCCNC(=O)n1c(=NC(=O)OC)[nH]c2ccccc21,20.0,7.0
1.75,CC(C)NCC(O)COc1cccc2[nH]ccc12,37.0,10.0
1.75,CC(C)NCC(O)COc1cccc2[nH]ccc12,37.0,7.0
1.75,CC(C)NCC(O)COc1cccc2[nH]ccc12,37.0,9.0
1.75,CC(C)NCC(O)COc1cccc2[nH]ccc12,37.0,8.0
2.9,Cc1ccc(S(=O)(=O)NC(=O)NC2CCCCC2)cc1,37.0,3.35
2.9,Cc1ccc(S(=O)(=O)NC(=O)NC2CCCCC2)cc1,37.0,6.49
2.9,Cc1ccc(S(=O)(=O)NC(=O)NC2CCCCC2)cc1,37.0,6.38
2.9,Cc1ccc(S(=O)(=O)NC(=O)NC2CCCCC2)cc1,37.0,6.59
2.9,Cc1ccc(S(=O)(=O)NC(=O)NC2CCCCC2)cc1,37.0,5.97
2.9,Cc1ccc(S(=O)(=O)NC(=O)NC2CCCCC2)cc1,37.0,3.91
2.9,Cc1ccc(S(=O)(=O)NC(=O)NC2CCCCC2)cc1,37.0,5.41
2.9,Cc1ccc(S(=O)(=O)NC(=O)NC2CCCCC2)cc1,37.0,5.02
2.9,Cc1ccc(S(=O)(=O)NC(=O)NC2CCCCC2)cc1,37.0,6.69
2.9,Cc1ccc(S(=O)(=O)NC(=O)NC2CCCCC2)cc1,37.0,4.0
2.9,Cc1ccc(S(=O)(=O)NC(=O)NC2CCCCC2)cc1,37.0,3.3
2.9,Cc1ccc(S(=O)(=O)NC(=O)NC2CCCCC2)cc1,37.0,4.61
2.9,Cc1ccc(S(=O)(=O)NC(=O)NC2CCCCC2)cc1,37.0,5.51
2.9,Cc1ccc(S(=O)(=O)NC(=O)NC2CCCCC2)cc1,37.0,6.88
1.45,Cc1ccc(S(=O)(=O)NC(=O)NN2CCCCCC2)cc1,37.0,7.2
3.71,CCCCCCCCCNC(=O)n1cc(F)c(=O)[nH]c1=O,37.0,4.0
0.22,CC(C)NCC(O)COc1ccc(CC(N)=O)cc1,25.0,8.52
0.16,CC(C)NCC(O)COc1ccc(CC(N)=O)cc1,25.0,8.97
0.22,CC(C)NCC(O)COc1ccc(CC(N)=O)cc1,25.0,9.33
0.22,CC(C)NCC(O)COc1ccc(CC(N)=O)cc1,25.0,8.62
0.22,CC(C)NCC(O)COc1ccc(CC(N)=O)cc1,25.0,10.83
0.22,CC(C)NCC(O)COc1ccc(CC(N)=O)cc1,25.0,11.44
0.22,CC(C)NCC(O)COc1ccc(CC(N)=O)cc1,25.0,9.6
0.22,CC(C)NCC(O)COc1ccc(CC(N)=O)cc1,25.0,10.09
0.22,CC(C)NCC(O)COc1ccc(CC(N)=O)cc1,25.0,10.48
2.25,CCOC(=O)C(C)(C(=O)NC(=O)NC)C1=CCCCC1,23.0,3.5
6.11,CCCCCCCCCCCCCC(=O)O,25.0,3.0
4.25,N#CC(C#N)=NNc1ccc(N=Nc2ccccc2)cc1,25.0,7.2
1.98,O=C1NC(=O)C(c2ccccc2)(c2ccccc2)N1,37.0,7.0
1.98,O=C1NC(=O)C(c2ccccc2)(c2ccccc2)N1,37.0,9.46
1.98,O=C1NC(=O)C(c2ccccc2)(c2ccccc2)N1,37.0,8.64
2.24,O=C1NC(=O)C(c2ccccc2)(c2ccccc2)N1,25.0,5.0
2.24,O=C1NC(=O)C(c2ccccc2)(c2ccccc2)N1,25.0,9.0
1.98,O=C1NC(=O)C(c2ccccc2)(c2ccccc2)N1,37.0,9.3
1.98,O=C1NC(=O)C(c2ccccc2)(c2ccccc2)N1,37.0,9.07
2.24,O=C1NC(=O)C(c2ccccc2)(c2ccccc2)N1,25.0,10.0
2.24,O=C1NC(=O)C(c2ccccc2)(c2ccccc2)N1,25.0,10.83
2.24,O=C1NC(=O)C(c2ccccc2)(c2ccccc2)N1,25.0,2.5
2.24,O=C1NC(=O)C(c2ccccc2)(c2ccccc2)N1,25.0,7.89
2.24,O=C1NC(=O)C(c2ccccc2)(c2ccccc2)N1,25.0,6.32
2.24,O=C1NC(=O)C(c2ccccc2)(c2ccccc2)N1,25.0,3.82
2.24,O=C1NC(=O)C(c2ccccc2)(c2ccccc2)N1,25.0,4.6
2.24,O=C1NC(=O)C(c2ccccc2)(c2ccccc2)N1,25.0,5.88
2.24,O=C1NC(=O)C(c2ccccc2)(c2ccccc2)N1,25.0,2.94
2.24,O=C1NC(=O)C(c2ccccc2)(c2ccccc2)N1,25.0,1.19
2.24,O=C1NC(=O)C(c2ccccc2)(c2ccccc2)N1,25.0,7.28
1.72,O=C1NC(=O)C(c2ccccc2)(c2ccc(O)cc2)N1,37.0,5.89
1.72,O=C1NC(=O)C(c2ccccc2)(c2ccc(O)cc2)N1,37.0,7.0
1.04,Cc1noc(C)c1N=C1CC(=O)C(=O)c2ccccc21,25.0,3.45
1.04,Cc1noc(C)c1N=C1CC(=O)C(=O)c2ccccc21,25.0,7.64
1.04,Cc1noc(C)c1N=C1CC(=O)C(=O)c2ccccc21,25.0,9.45
1.04,Cc1noc(C)c1N=C1CC(=O)C(=O)c2ccccc21,25.0,10.38
1.04,Cc1noc(C)c1N=C1CC(=O)C(=O)c2ccccc21,25.0,6.65
1.04,Cc1noc(C)c1N=C1CC(=O)C(=O)c2ccccc21,25.0,9.89
3.99,CC(C(=O)O)c1ccc(-c2ccccc2)c(F)c1,25.0,6.47
3.34,CC(C(=O)O)c1ccc(-c2ccccc2)c(F)c1,32.0,7.0
3.99,CC(C(=O)O)c1ccc(-c2ccccc2)c(F)c1,25.0,6.55
3.99,CC(C(=O)O)c1ccc(-c2ccccc2)c(F)c1,25.0,3.0
3.99,CC(C(=O)O)c1ccc(-c2ccccc2)c(F)c1,25.0,3.5
3.99,CC(C(=O)O)c1ccc(-c2ccccc2)c(F)c1,25.0,5.58
3.99,CC(C(=O)O)c1ccc(-c2ccccc2)c(F)c1,25.0,3.62
3.99,CC(C(=O)O)c1ccc(-c2ccccc2)c(F)c1,25.0,5.94
3.34,CC(C(=O)O)c1ccc(-c2ccccc2)c(F)c1,32.0,4.0
3.99,CC(C(=O)O)c1ccc(-c2ccccc2)c(F)c1,25.0,3.67
3.99,CC(C(=O)O)c1ccc(-c2ccccc2)c(F)c1,25.0,4.03
3.99,CC(C(=O)O)c1ccc(-c2ccccc2)c(F)c1,25.0,5.9
3.34,CC(C(=O)O)c1ccc(-c2ccccc2)c(F)c1,32.0,5.5
3.99,CC(C(=O)O)c1ccc(-c2ccccc2)c(F)c1,25.0,5.4
3.99,CC(C(=O)O)c1ccc(-c2ccccc2)c(F)c1,25.0,2.92
3.99,CC(C(=O)O)c1ccc(-c2ccccc2)c(F)c1,25.0,4.84
3.99,CC(C(=O)O)c1ccc(-c2ccccc2)c(F)c1,25.0,5.03
3.99,CC(C(=O)O)c1ccc(-c2ccccc2)c(F)c1,25.0,4.54
3.99,CC(C(=O)O)c1ccc(-c2ccccc2)c(F)c1,22.0,7.4
3.99,CC(C(=O)O)c1ccc(-c2ccccc2)c(F)c1,25.0,1.15
3.99,CC(C(=O)O)c1ccc(-c2ccccc2)c(F)c1,25.0,2.0
3.99,CC(C(=O)O)c1ccc(-c2ccccc2)c(F)c1,25.0,1.2
4.16,CC(C(=O)O)c1ccc(-c2ccccc2)c(F)c1,25.0,2.0
3.99,CC(C(=O)O)c1ccc(-c2ccccc2)c(F)c1,22.0,5.0
3.99,CC(C(=O)O)c1ccc(-c2ccccc2)c(F)c1,25.0,2.17
3.99,CC(C(=O)O)c1ccc(-c2ccccc2)c(F)c1,22.0,4.0
3.99,CC(C(=O)O)c1ccc(-c2ccccc2)c(F)c1,22.0,2.0
3.99,CC(C(=O)O)c1ccc(-c2ccccc2)c(F)c1,22.0,6.0
3.99,CC(C(=O)O)c1ccc(-c2ccccc2)c(F)c1,25.0,2.5
3.99,CC(C(=O)O)c1ccc(-c2ccccc2)c(F)c1,25.0,2.46
3.99,CC(C(=O)O)c1ccc(-c2ccccc2)c(F)c1,22.0,3.0
3.99,CC(C(=O)O)c1ccc(-c2ccccc2)c(F)c1,25.0,2.52
3.99,CC(C(=O)O)c1ccc(-c2ccccc2)c(F)c1,25.0,5.41
3.99,CC(C(=O)O)c1ccc(-c2ccccc2)c(F)c1,25.0,2.14
3.99,CC(C(=O)O)c1ccc(-c2ccccc2)c(F)c1,22.0,1.2
3.99,CC(C(=O)O)c1ccc(-c2ccccc2)c(F)c1,25.0,2.91
0.255,CN1C(C(=O)N=c2cccc[nH]2)C(=O)c2ccccc2S1(=O)=O,25.0,6.5
3.06,CN1C(C(=O)N=c2cccc[nH]2)C(=O)c2ccccc2S1(=O)=O,37.0,5.0
1.52,Nc1ccc(S(=O)(=O)N=c2cc[nH]n2-c2ccccc2)cc1,37.0,1.17
0.36,CCOC(=O)c1ccccc1S(=O)(=O)NC(=O)N=c1nc(Cl)cc(OC)[nH]1,25.0,6.5
0.36,CCOC(=O)c1ccccc1S(=O)(=O)NC(=O)N=c1nc(Cl)cc(OC)[nH]1,25.0,7.0
0.36,CCOC(=O)c1ccccc1S(=O)(=O)NC(=O)N=c1nc(Cl)cc(OC)[nH]1,25.0,5.0
3.34,CC(C)C(O)(c1ccc(OC(F)(F)F)cc1)c1cncnc1,25.0,9.0
5.12,Cc1cccc(Nc2ccccc2C(=O)O)c1C,22.0,7.4
5.12,Cc1cccc(Nc2ccccc2C(=O)O)c1C,22.0,1.2
5.12,Cc1cccc(Nc2ccccc2C(=O)O)c1C,22.0,5.0
2.79,Cc1ccc(C(=O)c2ccc(CC(=O)O)n2C)cc1,22.0,3.0
2.79,Cc1ccc(C(=O)c2ccc(CC(=O)O)n2C)cc1,22.0,6.0
2.79,Cc1ccc(C(=O)c2ccc(CC(=O)O)n2C)cc1,22.0,5.0
2.79,Cc1ccc(C(=O)c2ccc(CC(=O)O)n2C)cc1,22.0,4.0
2.79,Cc1ccc(C(=O)c2ccc(CC(=O)O)n2C)cc1,22.0,2.0
2.79,Cc1ccc(C(=O)c2ccc(CC(=O)O)n2C)cc1,22.0,1.2
2.95,Cc1ccc(S(=O)(=O)N(C)C(=O)c2ccccc2)cc1,22.0,7.4
3.46,CC(C)COC(=O)n1c(-c2cscn2)nc2ccccc21,21.0,6.0
2.44,CC(=O)c1ccc(S(=O)(=O)NC(=O)NC2CCCCC2)cc1,37.0,1.3
2.44,CC(=O)c1ccc(S(=O)(=O)NC(=O)NC2CCCCC2)cc1,37.0,7.2
2.44,CC(=O)c1ccc(S(=O)(=O)NC(=O)NC2CCCCC2)cc1,37.0,1.5
2.44,CC(=O)c1ccc(S(=O)(=O)NC(=O)NC2CCCCC2)cc1,37.0,6.5
2.44,CC(=O)c1ccc(S(=O)(=O)NC(=O)NC2CCCCC2)cc1,37.0,6.79
2.44,CC(=O)c1ccc(S(=O)(=O)NC(=O)NC2CCCCC2)cc1,37.0,7.03
2.72,CCOC(=O)C1(c2ccccc2)CCN(C)CC1,25.0,7.4
2.8,Cc1ccc(C)c(OCCCC(C)(C)C(=O)O)c1,37.0,5.87
2.8,Cc1ccc(C)c(OCCCC(C)(C)C(=O)O)c1,37.0,6.35
2.8,Cc1ccc(C)c(OCCCC(C)(C)C(=O)O)c1,37.0,5.51
2.8,Cc1ccc(C)c(OCCCC(C)(C)C(=O)O)c1,37.0,3.79
2.8,Cc1ccc(C)c(OCCCC(C)(C)C(=O)O)c1,37.0,4.69
2.8,Cc1ccc(C)c(OCCCC(C)(C)C(=O)O)c1,37.0,1.1
2.8,Cc1ccc(C)c(OCCCC(C)(C)C(=O)O)c1,37.0,3.13
2.8,Cc1ccc(C)c(OCCCC(C)(C)C(=O)O)c1,37.0,7.0
3.0,CC(C)N(Cc1ccccc1)C(=O)C(C)(C)C,20.0,7.0
2.86,CN1C(=O)CN=C(c2ccccc2)c2cc(Cl)ccc21,25.0,7.4
2.86,CN1C(=O)CN=C(c2ccccc2)c2cc(Cl)ccc21,25.0,6.5
2.92,CN1C(=O)CN=C(c2ccccc2)c2cc(Cl)ccc21,37.0,5.5
2.92,CN1C(=O)CN=C(c2ccccc2)c2cc(Cl)ccc21,37.0,7.5
2.19,CN1C(=O)C(O)N=C(c2ccccc2)c2cc(Cl)ccc21,37.0,5.5
3.14,COC(=O)N=c1[nH]c2ccc(C(=O)c3ccccc3)cc2[nH]1,37.0,1.2
3.14,COC(=O)N=c1[nH]c2ccc(C(=O)c3ccccc3)cc2[nH]1,37.0,7.4
1.57,CCc1onc(C)c1N=C1CC(=O)C(=O)c2ccccc21,25.0,9.16
1.57,CCc1onc(C)c1N=C1CC(=O)C(=O)c2ccccc21,25.0,8.81
1.57,CCc1onc(C)c1N=C1CC(=O)C(=O)c2ccccc21,25.0,7.62
1.57,CCc1onc(C)c1N=C1CC(=O)C(=O)c2ccccc21,25.0,7.01
1.57,CCc1onc(C)c1N=C1CC(=O)C(=O)c2ccccc21,25.0,6.44
1.57,CCc1onc(C)c1N=C1CC(=O)C(=O)c2ccccc21,25.0,3.72
3.16,CC(C(=O)O)c1cccc(C(=O)c2ccccc2)c1,22.0,1.2
3.16,CC(C(=O)O)c1cccc(C(=O)c2ccccc2)c1,22.0,2.0
3.16,CC(C(=O)O)c1cccc(C(=O)c2ccccc2)c1,25.0,5.95
3.16,CC(C(=O)O)c1cccc(C(=O)c2ccccc2)c1,22.0,6.0
3.16,CC(C(=O)O)c1cccc(C(=O)c2ccccc2)c1,22.0,5.0
3.16,CC(C(=O)O)c1cccc(C(=O)c2ccccc2)c1,22.0,3.0
2.9,CC(C(=O)O)c1cccc(C(=O)c2ccccc2)c1,25.0,6.5
2.9,CC(C(=O)O)c1cccc(C(=O)c2ccccc2)c1,25.0,4.0
2.9,CC(C(=O)O)c1cccc(C(=O)c2ccccc2)c1,25.0,2.0
3.14,O=C(O)CCC(=O)c1ccc(-c2ccccc2)cc1,22.0,5.0
3.14,O=C(O)CCC(=O)c1ccc(-c2ccccc2)cc1,22.0,4.0
3.14,O=C(O)CCC(=O)c1ccc(-c2ccccc2)cc1,22.0,6.0
3.14,O=C(O)CCC(=O)c1ccc(-c2ccccc2)cc1,22.0,7.5
3.14,O=C(O)CCC(=O)c1ccc(-c2ccccc2)cc1,22.0,7.0
3.14,O=C(O)CCC(=O)c1ccc(-c2ccccc2)cc1,22.0,3.0
3.14,O=C(O)CCC(=O)c1ccc(-c2ccccc2)cc1,22.0,2.0
3.14,O=C(O)CCC(=O)c1ccc(-c2ccccc2)cc1,22.0,1.2
3.16,CC(C(=O)O)c1cccc(C(=O)c2ccccc2)c1,25.0,6.92
3.12,CC(C(=O)O)c1cccc(C(=O)c2ccccc2)c1,22.0,7.4
3.12,CC(C(=O)O)c1cccc(C(=O)c2ccccc2)c1,22.0,5.0
3.16,CC(C(=O)O)c1cccc(C(=O)c2ccccc2)c1,25.0,5.48
3.16,CC(C(=O)O)c1cccc(C(=O)c2ccccc2)c1,25.0,4.52
3.16,CC(C(=O)O)c1cccc(C(=O)c2ccccc2)c1,25.0,5.74
3.16,CC(C(=O)O)c1cccc(C(=O)c2ccccc2)c1,25.0,2.5
3.16,CC(C(=O)O)c1cccc(C(=O)c2ccccc2)c1,25.0,2.67
3.16,CC(C(=O)O)c1cccc(C(=O)c2ccccc2)c1,25.0,3.02
3.16,CC(C(=O)O)c1cccc(C(=O)c2ccccc2)c1,25.0,3.88
3.16,CC(C(=O)O)c1cccc(C(=O)c2ccccc2)c1,25.0,3.48
3.16,CC(C(=O)O)c1cccc(C(=O)c2ccccc2)c1,25.0,1.22
3.12,CC(C(=O)O)c1cccc(C(=O)c2ccccc2)c1,21.0,2.0
2.06,COc1ccc2cc(C(C)C(=O)OCC(N)=O)ccc2c1,21.0,7.4
1.06,NC(Cc1ccc(O)c(O)c1)C(=O)OCc1ccccc1,20.0,7.4
0.83,Cc1cn(C2CC(N=[N+]=[N-])C(COC(=O)c3ccncc3)O2)c(=O)[nH]c1=O,25.0,4.2
0.83,Cc1cn(C2CC(N=[N+]=[N-])C(COC(=O)c3ccncc3)O2)c(=O)[nH]c1=O,25.0,2.06
0.83,Cc1cn(C2CC(N=[N+]=[N-])C(COC(=O)c3ccncc3)O2)c(=O)[nH]c1=O,25.0,5.9
0.83,Cc1cn(C2CC(N=[N+]=[N-])C(COC(=O)c3ccncc3)O2)c(=O)[nH]c1=O,25.0,6.6
0.83,Cc1cn(C2CC(N=[N+]=[N-])C(COC(=O)c3ccncc3)O2)c(=O)[nH]c1=O,25.0,1.68
0.83,Cc1cn(C2CC(N=[N+]=[N-])C(COC(=O)c3ccncc3)O2)c(=O)[nH]c1=O,25.0,6.7
0.83,Cc1cn(C2CC(N=[N+]=[N-])C(COC(=O)c3ccncc3)O2)c(=O)[nH]c1=O,25.0,7.1
0.83,Cc1cn(C2CC(N=[N+]=[N-])C(COC(=O)c3ccncc3)O2)c(=O)[nH]c1=O,25.0,8.0
4.51,CCOC(=O)C(C)c1ccc2cc(OC)ccc2c1,21.0,7.4
2.54,CC(C)(C)C(=O)OCn1cc(F)c(=O)n(COC(=O)C(C)(C)C)c1=O,22.0,4.0
2.2,OC(c1ccc(F)cc1)(c1cncnc1)c1ccccc1Cl,25.0,7.0
5.19,O=C(O)Cc1sc(-c2ccccc2)nc1-c1ccc(Cl)cc1,25.0,2.0
3.68,Cc1ccc(-c2cc(C(F)(F)F)nn2-c2ccc(S(N)(=O)=O)cc2)cc1,25.0,9.05
3.68,Cc1ccc(-c2cc(C(F)(F)F)nn2-c2ccc(S(N)(=O)=O)cc2)cc1,25.0,7.6
3.68,Cc1ccc(-c2cc(C(F)(F)F)nn2-c2ccc(S(N)(=O)=O)cc2)cc1,25.0,9.93
3.68,Cc1ccc(-c2cc(C(F)(F)F)nn2-c2ccc(S(N)(=O)=O)cc2)cc1,25.0,10.9
3.68,Cc1ccc(-c2cc(C(F)(F)F)nn2-c2ccc(S(N)(=O)=O)cc2)cc1,25.0,7.7
3.68,Cc1ccc(-c2cc(C(F)(F)F)nn2-c2ccc(S(N)(=O)=O)cc2)cc1,25.0,8.1
1.71,CS(=O)(=O)c1ccc(-c2coc(O)c2-c2ccccc2)cc1,22.0,1.2
1.71,CS(=O)(=O)c1ccc(-c2coc(O)c2-c2ccccc2)cc1,25.0,7.4
2.97,NC(=O)CCCN=C(c1ccc(Cl)cc1)c1cc(F)ccc1O,37.0,6.9
2.97,NC(=O)CCCN=C(c1ccc(Cl)cc1)c1cc(F)ccc1O,37.0,9.9
2.97,NC(=O)CCCN=C(c1ccc(Cl)cc1)c1cc(F)ccc1O,37.0,8.0
2.97,NC(=O)CCCN=C(c1ccc(Cl)cc1)c1cc(F)ccc1O,37.0,6.0
2.97,NC(=O)CCCN=C(c1ccc(Cl)cc1)c1cc(F)ccc1O,37.0,4.1
2.97,NC(=O)CCCN=C(c1ccc(Cl)cc1)c1cc(F)ccc1O,37.0,3.5
2.97,NC(=O)CCCN=C(c1ccc(Cl)cc1)c1cc(F)ccc1O,37.0,2.8
2.97,NC(=O)CCCN=C(c1ccc(Cl)cc1)c1cc(F)ccc1O,37.0,2.3
2.97,NC(=O)CCCN=C(c1ccc(Cl)cc1)c1cc(F)ccc1O,37.0,4.9
2.97,NC(=O)CCCN=C(c1ccc(Cl)cc1)c1cc(F)ccc1O,37.0,1.8
1.8,CCCc1onc(C)c1N=C1CC(=O)C(=O)c2ccccc21,25.0,3.45
1.8,CCCc1onc(C)c1N=C1CC(=O)C(=O)c2ccccc21,25.0,8.85
1.8,CCCc1onc(C)c1N=C1CC(=O)C(=O)c2ccccc21,25.0,6.47
1.8,CCCc1onc(C)c1N=C1CC(=O)C(=O)c2ccccc21,25.0,7.52
1.8,CCCc1onc(C)c1N=C1CC(=O)C(=O)c2ccccc21,25.0,9.62
1.8,CCCc1onc(C)c1N=C1CC(=O)C(=O)c2ccccc21,25.0,7.96
-2.44,CCC1(c2ccccc2)C(=O)NC(=O)N1S(=O)(=O)c1ccccc1,37.0,7.0
2.18,COC1=CC(=O)CC(C)C12Oc1c(Cl)c(OC)cc(OC)c1C2=O,37.0,6.4
4.4,CCCc1c2c(c(O)c3c(=O)cc(C(=O)O)oc13)CCCC2,20.0,4.17
4.4,CCCc1c2c(c(O)c3c(=O)cc(C(=O)O)oc13)CCCC2,20.0,5.0
4.4,CCCc1c2c(c(O)c3c(=O)cc(C(=O)O)oc13)CCCC2,20.0,2.99
4.4,CCCc1c2c(c(O)c3c(=O)cc(C(=O)O)oc13)CCCC2,20.0,4.95
5.35,CN(C)CCCN1c2ccccc2Sc2ccc(Cl)cc21,20.0,10.62
5.35,CN(C)CCCN1c2ccccc2Sc2ccc(Cl)cc21,20.0,9.71
5.35,CN(C)CCCN1c2ccccc2Sc2ccc(Cl)cc21,20.0,11.13
5.35,CN(C)CCCN1c2ccccc2Sc2ccc(Cl)cc21,20.0,8.65
5.35,CN(C)CCCN1c2ccccc2Sc2ccc(Cl)cc21,20.0,8.91
5.35,CN(C)CCCN1c2ccccc2Sc2ccc(Cl)cc21,20.0,8.43
5.35,CN(C)CCCN1c2ccccc2Sc2ccc(Cl)cc21,20.0,8.54
5.35,CN(C)CCCN1c2ccccc2Sc2ccc(Cl)cc21,20.0,7.54
5.35,CN(C)CCCN1c2ccccc2Sc2ccc(Cl)cc21,20.0,7.89
0.96,COC(=O)c1cccc(C)c1S(=O)(=O)NC(=O)N=c1nc(N(C)C)nc(OCC(F)(F)F)[nH]1,25.0,7.0
0.96,COC(=O)c1cccc(C)c1S(=O)(=O)NC(=O)N=c1nc(N(C)C)nc(OCC(F)(F)F)[nH]1,25.0,9.0
0.96,COC(=O)c1cccc(C)c1S(=O)(=O)NC(=O)N=c1nc(N(C)C)nc(OCC(F)(F)F)[nH]1,25.0,5.0
0.96,COC(=O)c1cccc(C)c1S(=O)(=O)NC(=O)N=c1nc(N(C)C)nc(OCC(F)(F)F)[nH]1,25.0,3.0
0.76,CN1CCC23c4c5ccc(O)c4OC2C(O)C=CC3C1C5,25.0,7.4
0.76,CN1CCC23c4c5ccc(O)c4OC2C(O)C=CC3C1C5,35.0,8.0
4.55,CN(C)CCCN1c2ccccc2Sc2ccccc21,20.0,8.41
4.55,CN(C)CCCN1c2ccccc2Sc2ccccc21,20.0,8.28
4.55,CN(C)CCCN1c2ccccc2Sc2ccccc21,20.0,11.06
4.55,CN(C)CCCN1c2ccccc2Sc2ccccc21,20.0,9.25
4.55,CN(C)CCCN1c2ccccc2Sc2ccccc21,20.0,8.45
4.55,CN(C)CCCN1c2ccccc2Sc2ccccc21,20.0,8.68
4.55,CN(C)CCCN1c2ccccc2Sc2ccccc21,20.0,10.48
4.55,CN(C)CCCN1c2ccccc2Sc2ccccc21,20.0,8.29
4.55,CN(C)CCCN1c2ccccc2Sc2ccccc21,20.0,10.02
4.55,CN(C)CCCN1c2ccccc2Sc2ccccc21,20.0,8.78
4.55,CN(C)CCCN1c2ccccc2Sc2ccccc21,20.0,11.55
4.55,CN(C)CCCN1c2ccccc2Sc2ccccc21,20.0,8.26
4.55,CN(C)CCCN1c2ccccc2Sc2ccccc21,20.0,10.42
4.81,CC(CN1c2ccccc2Sc2ccccc21)N(C)C,37.0,7.4
4.55,CN(C)CCCN1c2ccccc2Sc2ccccc21,20.0,8.07
4.55,CN(C)CCCN1c2ccccc2Sc2ccccc21,20.0,9.04
4.55,CN(C)CCCN1c2ccccc2Sc2ccccc21,20.0,7.71
4.55,CN(C)CCCN1c2ccccc2Sc2ccccc21,20.0,8.05
3.3,CN(C)CCOC(c1ccccc1)c1ccccc1,37.0,7.4
3.27,COc1ccc(CN(CCN(C)C)c2ccccn2)cc1,37.0,7.4
1.65,CCCC(=NOCC)C1C(=O)CC(C(C)CSCC)CC1=O,20.0,7.0
0.47,COc1ccc2c3c1OC1C(O)C=CC4C(C2)N(C)CCC341,25.0,7.4
2.05,COc1ccc2cc(C(C)C(=O)OCC(=O)N(C)C)ccc2c1,21.0,7.4
5.11,CCC(c1ccc(O)cc1)C(CC)c1ccc(O)cc1,37.0,6.4
4.63,CCN(CC)CCCC(C)N=c1cc[nH]c2cc(Cl)ccc12,20.0,10.5
4.63,CCN(CC)CCCC(C)N=c1cc[nH]c2cc(Cl)ccc12,20.0,9.76
4.63,CCN(CC)CCCC(C)N=c1cc[nH]c2cc(Cl)ccc12,20.0,9.35
4.63,CCN(CC)CCCC(C)N=c1cc[nH]c2cc(Cl)ccc12,20.0,11.78
4.63,CCN(CC)CCCC(C)N=c1cc[nH]c2cc(Cl)ccc12,20.0,9.42
4.63,CCN(CC)CCCC(C)N=c1cc[nH]c2cc(Cl)ccc12,20.0,10.57
4.63,CCN(CC)CCCC(C)N=c1cc[nH]c2cc(Cl)ccc12,20.0,9.8
4.63,CCN(CC)CCCC(C)N=c1cc[nH]c2cc(Cl)ccc12,20.0,12.46
4.63,CCN(CC)CCCC(C)N=c1cc[nH]c2cc(Cl)ccc12,20.0,10.95
2.07,O=c1c(Cc2c(O)oc3ccccc3c2=O)c(O)oc2ccccc12,37.0,7.5
2.07,O=c1c(Cc2c(O)oc3ccccc3c2=O)c(O)oc2ccccc12,25.0,6.5
4.27,COc1ccc2c(c1)c(CC(=O)O)c(C)n2C(=O)c1ccc(Cl)cc1,25.0,6.6
4.27,COc1ccc2c(c1)c(CC(=O)O)c(C)n2C(=O)c1ccc(Cl)cc1,25.0,7.4
4.27,COc1ccc2c(c1)c(CC(=O)O)c(C)n2C(=O)c1ccc(Cl)cc1,22.0,1.2
4.27,COc1ccc2c(c1)c(CC(=O)O)c(C)n2C(=O)c1ccc(Cl)cc1,22.0,5.0
4.27,COc1ccc2c(c1)c(CC(=O)O)c(C)n2C(=O)c1ccc(Cl)cc1,22.0,6.5
4.27,COc1ccc2c(c1)c(CC(=O)O)c(C)n2C(=O)c1ccc(Cl)cc1,22.0,7.4
4.27,COc1ccc2c(c1)c(CC(=O)O)c(C)n2C(=O)c1ccc(Cl)cc1,22.0,6.0
4.27,COc1ccc2c(c1)c(CC(=O)O)c(C)n2C(=O)c1ccc(Cl)cc1,22.0,7.0
4.27,COc1ccc2c(c1)c(CC(=O)O)c(C)n2C(=O)c1ccc(Cl)cc1,37.0,3.0
4.27,COc1ccc2c(c1)c(CC(=O)O)c(C)n2C(=O)c1ccc(Cl)cc1,37.0,5.0
4.27,COc1ccc2c(c1)c(CC(=O)O)c(C)n2C(=O)c1ccc(Cl)cc1,37.0,6.5
4.27,COc1ccc2c(c1)c(CC(=O)O)c(C)n2C(=O)c1ccc(Cl)cc1,37.0,6.0
4.27,COc1ccc2c(c1)c(CC(=O)O)c(C)n2C(=O)c1ccc(Cl)cc1,37.0,7.0
4.27,COc1ccc2c(c1)c(CC(=O)O)c(C)n2C(=O)c1ccc(Cl)cc1,25.0,6.5
4.33,CCOCCOC(=O)C(C)Oc1ccc(Oc2ncc(C(F)(F)F)cc2Cl)cc1,9.0,9.0
4.5,CCCCOC(=O)C(C)Oc1ccc(Oc2ccc(C(F)(F)F)cn2)cc1,20.0,6.5
3.16,CCCCc1c(O)n(-c2ccccc2)n(-c2ccccc2)c1=O,22.0,5.0
3.16,CCCCc1c(O)n(-c2ccccc2)n(-c2ccccc2)c1=O,22.0,6.0
3.16,CCCCc1c(O)n(-c2ccccc2)n(-c2ccccc2)c1=O,22.0,4.0
3.16,CCCCc1c(O)n(-c2ccccc2)n(-c2ccccc2)c1=O,37.0,3.0
2.72,CCCCc1c(O)n(-c2ccc(O)cc2)n(-c2ccccc2)c1=O,22.0,5.0
3.42,CCCCCc1onc(C)c1N=C1CC(=O)C(=O)c2ccccc21,25.0,9.89
3.42,CCCCCc1onc(C)c1N=C1CC(=O)C(=O)c2ccccc21,25.0,6.81
2.72,CCCCc1c(O)n(-c2ccc(O)cc2)n(-c2ccccc2)c1=O,22.0,6.0
3.42,CCCCCc1onc(C)c1N=C1CC(=O)C(=O)c2ccccc21,25.0,8.23
3.42,CCCCCc1onc(C)c1N=C1CC(=O)C(=O)c2ccccc21,25.0,4.86
2.72,CCCCc1c(O)n(-c2ccc(O)cc2)n(-c2ccccc2)c1=O,22.0,4.0
2.72,CCCCc1c(O)n(-c2ccc(O)cc2)n(-c2ccccc2)c1=O,22.0,3.0
2.72,CCCCc1c(O)n(-c2ccc(O)cc2)n(-c2ccccc2)c1=O,22.0,2.0
2.72,CCCCc1c(O)n(-c2ccc(O)cc2)n(-c2ccccc2)c1=O,22.0,1.2
1.37,COc1ccc2cc(C(C)C(=O)OCC(=O)N(C)CC(N)=O)ccc2c1,21.0,7.4
2.01,COc1ccc2cc(C(C)C(=O)OCC(=O)N(C)CCO)ccc2c1,21.0,7.4
1.33,CC(CCc1ccccc1)NCC(O)c1ccc(O)c(C(N)=O)c1,25.0,9.13
1.33,CC(CCc1ccccc1)NCC(O)c1ccc(O)c(C(N)=O)c1,25.0,10.35
1.33,CC(CCc1ccccc1)NCC(O)c1ccc(O)c(C(N)=O)c1,25.0,6.32
1.33,CC(CCc1ccccc1)NCC(O)c1ccc(O)c(C(N)=O)c1,25.0,5.82
1.33,CC(CCc1ccccc1)NCC(O)c1ccc(O)c(C(N)=O)c1,25.0,7.9
1.33,CC(CCc1ccccc1)NCC(O)c1ccc(O)c(C(N)=O)c1,25.0,9.89
1.33,CC(CCc1ccccc1)NCC(O)c1ccc(O)c(C(N)=O)c1,25.0,6.92
1.33,CC(CCc1ccccc1)NCC(O)c1ccc(O)c(C(N)=O)c1,25.0,11.16
1.33,CC(CCc1ccccc1)NCC(O)c1ccc(O)c(C(N)=O)c1,25.0,11.72
1.33,CC(CCc1ccccc1)NCC(O)c1ccc(O)c(C(N)=O)c1,25.0,9.73
1.33,CC(CCc1ccccc1)NCC(O)c1ccc(O)c(C(N)=O)c1,25.0,8.55
1.8,CCN(CC)C(=O)C(C#N)=Cc1cc(OC(=O)NC(C)(C)C)c(O)c([N+](=O)[O-])c1,22.0,5.0
0.96,CCCCNC(=O)Oc1cc(C=C(C#N)C(=O)N(CC)CC)cc([N+](=O)[O-])c1O,22.0,7.4
1.98,CCCCNC(=O)Oc1cc(C=C(C#N)C(=O)N(CC)CC)cc([N+](=O)[O-])c1O,22.0,5.0
0.74,CCN(CC)C(=O)C(C#N)=Cc1cc(OC(=O)NC(C)(C)C)c(O)c([N+](=O)[O-])c1,22.0,7.4
3.42,CC1=C(CC(=O)O)c2cc(F)ccc2C1=Cc1ccc(S(C)=O)cc1,22.0,5.0
3.42,CC1=C(CC(=O)O)c2cc(F)ccc2C1=Cc1ccc(S(C)=O)cc1,22.0,1.2
3.0,COc1ccc(Cc2nccc3cc(OC)c(OC)cc23)cc1OC,37.0,5.4
3.0,COc1ccc(Cc2nccc3cc(OC)c(OC)cc23)cc1OC,37.0,7.0
3.0,COc1ccc(Cc2nccc3cc(OC)c(OC)cc23)cc1OC,37.0,7.4
5.04,CN(C)CCC=C1c2ccccc2CCc2ccccc21,24.0,9.06
5.04,CN(C)CCC=C1c2ccccc2CCc2ccccc21,24.0,9.44
5.04,CN(C)CCC=C1c2ccccc2CCc2ccccc21,24.0,9.78
1.92,O=C1CCC2(O)C3Cc4ccc(O)c5c4C2(CCN3CC2CC2)C1O5,32.0,7.4
2.64,C=C[C@H]1CN2CCC1C[C@H]2[C@H](O)c1ccnc2ccc(OC)cc12,25.0,6.8
2.64,C=C[C@H]1CN2CCC1C[C@H]2[C@H](O)c1ccnc2ccc(OC)cc12,25.0,7.4
3.32,CCN(CC)C(=O)COC(=O)C(C)c1ccc2cc(OC)ccc2c1,21.0,7.4
1.7,COc1ccc2cc(C(C)C(=O)OCC(=O)N(CCO)CCO)ccc2c1,21.0,7.4
2.1,CCON=C(CC)C1C(=O)CC(c2c(C)cc(C)cc2C)CC1=O,257.0,6.5
0.16,CCOC(=O)C(CCc1ccccc1)NC(C)C(=O)N1CCCC1C(=O)O,25.0,7.4
0.16,CCOC(=O)C(CCc1ccccc1)NC(C)C(=O)N1CCCC1C(=O)O,25.0,1.0
0.16,CCOC(=O)C(CCc1ccccc1)NC(C)C(=O)N1CCCC1C(=O)O,25.0,6.8
0.16,CCOC(=O)C(CCc1ccccc1)NC(C)C(=O)N1CCCC1C(=O)O,25.0,5.0
2.72,CCCCCC(O)/C=C/C1C(O)CC(O)C1C/C=C/CCCC(=O)O,25.0,3.0
2.72,CCCCCC(O)/C=C/C1C(O)CC(O)C1C/C=C/CCCC(=O)O,25.0,5.0
2.72,CCCCCC(O)/C=C/C1C(O)CC(O)C1C/C=C/CCCC(=O)O,25.0,4.0
1.93,O=C1CC2OCC=C3CN4CCC56c7ccccc7N1C5C2C3CC46,20.0,9.43
3.52,N#Cc1ccc2c(c1)N(CCCN1CCC(O)CC1)c1ccccc1S2,37.0,7.4
5.03,CN1CCN(CCCN2c3ccccc3Sc3ccc(C(F)(F)F)cc32)CC1,37.0,7.4
7.02,CC(C)(C)C1CCC(=Cc2c(O)c(O)c3ccccc3c2O)CC1,25.0,7.4
1.16,CC12C=CC(=O)C=C1CCC1C3CC(O)C(O)(C(=O)CO)C3(C)CC(O)C12F,25.0,7.0
1.94,CC12CCC(=O)C=C1CCC1C2C(O)CC2(C)C(C(=O)CO)CCC12,37.0,6.5
-0.22,CC1c2cccc(O)c2C(=O)C2C(=O)C3(O)C(=O)C(C(N)=O)C(=O)C(N(C)C)C3C(O)C21,25.0,2.87
-0.22,CC1c2cccc(O)c2C(=O)C2C(=O)C3(O)C(=O)C(C(N)=O)C(=O)C(N(C)C)C3C(O)C21,25.0,5.11
-0.22,CC1c2cccc(O)c2C(=O)C2C(=O)C3(O)C(=O)C(C(N)=O)C(=O)C(N(C)C)C3C(O)C21,25.0,3.7
-0.22,CC1c2cccc(O)c2C(=O)C2C(=O)C3(O)C(=O)C(C(N)=O)C(=O)C(N(C)C)C3C(O)C21,25.0,3.23
-0.22,CC1c2cccc(O)c2C(=O)C2C(=O)C3(O)C(=O)C(C(N)=O)C(=O)C(N(C)C)C3C(O)C21,25.0,2.84
-0.22,CC1c2cccc(O)c2C(=O)C2C(=O)C3(O)C(=O)C(C(N)=O)C(=O)C(N(C)C)C3C(O)C21,25.0,2.63
-0.22,CC1c2cccc(O)c2C(=O)C2C(=O)C3(O)C(=O)C(C(N)=O)C(=O)C(N(C)C)C3C(O)C21,25.0,2.6
-0.22,CC1c2cccc(O)c2C(=O)C2C(=O)C3(O)C(=O)C(C(N)=O)C(=O)C(N(C)C)C3C(O)C21,25.0,3.49
-0.22,CC1c2cccc(O)c2C(=O)C2C(=O)C3(O)C(=O)C(C(N)=O)C(=O)C(N(C)C)C3C(O)C21,25.0,2.81
-0.22,CC1c2cccc(O)c2C(=O)C2C(=O)C3(O)C(=O)C(C(N)=O)C(=O)C(N(C)C)C3C(O)C21,25.0,2.52
-0.9,CN(C)C1C(=O)C(C(N)=O)C(=O)C2(O)C(=O)C3C(=O)c4c(O)cccc4[C@@](C)(O)C3C(O)C12,25.0,5.68
-0.9,CN(C)C1C(=O)C(C(N)=O)C(=O)C2(O)C(=O)C3C(=O)c4c(O)cccc4[C@@](C)(O)C3C(O)C12,25.0,5.61
-0.9,CN(C)C1C(=O)C(C(N)=O)C(=O)C2(O)C(=O)C3C(=O)c4c(O)cccc4[C@@](C)(O)C3C(O)C12,25.0,5.55
-0.9,CN(C)C1C(=O)C(C(N)=O)C(=O)C2(O)C(=O)C3C(=O)c4c(O)cccc4[C@@](C)(O)C3C(O)C12,25.0,4.87
-0.9,CN(C)C1C(=O)C(C(N)=O)C(=O)C2(O)C(=O)C3C(=O)c4c(O)cccc4[C@@](C)(O)C3C(O)C12,25.0,4.86
-0.9,CN(C)C1C(=O)C(C(N)=O)C(=O)C2(O)C(=O)C3C(=O)c4c(O)cccc4[C@@](C)(O)C3C(O)C12,25.0,4.82
-0.9,CN(C)C1C(=O)C(C(N)=O)C(=O)C2(O)C(=O)C3C(=O)c4c(O)cccc4[C@@](C)(O)C3C(O)C12,25.0,4.55
-0.9,CN(C)C1C(=O)C(C(N)=O)C(=O)C2(O)C(=O)C3C(=O)c4c(O)cccc4[C@@](C)(O)C3C(O)C12,25.0,4.47
-0.9,CN(C)C1C(=O)C(C(N)=O)C(=O)C2(O)C(=O)C3C(=O)c4c(O)cccc4[C@@](C)(O)C3C(O)C12,25.0,4.43
-0.9,CN(C)C1C(=O)C(C(N)=O)C(=O)C2(O)C(=O)C3C(=O)c4c(O)cccc4[C@@](C)(O)C3C(O)C12,25.0,3.74
-0.9,CN(C)C1C(=O)C(C(N)=O)C(=O)C2(O)C(=O)C3C(=O)c4c(O)cccc4[C@@](C)(O)C3C(O)C12,25.0,3.48
-0.9,CN(C)C1C(=O)C(C(N)=O)C(=O)C2(O)C(=O)C3C(=O)c4c(O)cccc4[C@@](C)(O)C3C(O)C12,25.0,2.91
-0.9,CN(C)C1C(=O)C(C(N)=O)C(=O)C2(O)C(=O)C3C(=O)c4c(O)cccc4[C@@](C)(O)C3C(O)C12,25.0,2.12
-0.9,CN(C)C1C(=O)C(C(N)=O)C(=O)C2(O)C(=O)C3C(=O)c4c(O)cccc4[C@@](C)(O)C3C(O)C12,25.0,5.8
-0.9,CN(C)C1C(=O)C(C(N)=O)C(=O)C2(O)C(=O)C3C(=O)c4c(O)cccc4[C@@](C)(O)C3C(O)C12,25.0,2.23
2.98,CCOC(=O)Nc1ccc2c(c1)N(C(=O)CCN1CCOCC1)c1ccccc1S2,25.0,7.0
2.98,CCOC(=O)Nc1ccc2c(c1)N(C(=O)CCN1CCOCC1)c1ccccc1S2,25.0,6.0
4.36,OCCN1CCN(CCCN2c3ccccc3Sc3ccc(C(F)(F)F)cc32)CC1,37.0,7.4
2.89,COc1ccc(C2Sc3ccccc3N(CCN(C)C)C(=O)C2OC(C)=O)cc1,25.0,6.8
2.89,COc1ccc(C2Sc3ccccc3N(CCN(C)C)C(=O)C2OC(C)=O)cc1,25.0,7.4
4.53,C#CC1(O)CCC2C3CCC4=Cc5oncc5CC4(C)C3CCC21C,37.0,7.5
4.37,CCC(=O)O[C@@](Cc1ccccc1)(c1ccccc1)[C@@H](C)CN(C)C,25.0,7.4
4.37,CCC(=O)O[C@@](Cc1ccccc1)(c1ccccc1)[C@@H](C)CN(C)C,25.0,6.8
4.37,CCC(=O)O[C@@](Cc1ccccc1)(c1ccccc1)[C@@H](C)CN(C)C,25.0,7.32
4.37,CCC(=O)O[C@@](Cc1ccccc1)(c1ccccc1)[C@@H](C)CN(C)C,25.0,8.5
4.37,CCC(=O)O[C@@](Cc1ccccc1)(c1ccccc1)[C@@H](C)CN(C)C,25.0,11.0
4.37,CCC(=O)O[C@@](Cc1ccccc1)(c1ccccc1)[C@@H](C)CN(C)C,25.0,9.0
4.37,CCC(=O)O[C@@](Cc1ccccc1)(c1ccccc1)[C@@H](C)CN(C)C,25.0,7.5
4.37,CCC(=O)O[C@@](Cc1ccccc1)(c1ccccc1)[C@@H](C)CN(C)C,25.0,8.0
3.95,CCC(=O)N(c1ccccc1)C1(COC)CCN(CCc2cccs2)CC1,35.0,8.73
0.6,CCCN(CCC)Cc1cccc(C(=O)OCCOCn2cnc3c(=O)[nH]c(=N)[nH]c32)c1,21.0,6.96
0.6,CCCN(CCC)Cc1cccc(C(=O)OCCOCn2cnc3c(=O)[nH]c(=N)[nH]c32)c1,21.0,9.36
0.6,CCCN(CCC)Cc1cccc(C(=O)OCCOCn2cnc3c(=O)[nH]c(=N)[nH]c32)c1,21.0,6.22
0.6,CCCN(CCC)Cc1cccc(C(=O)OCCOCn2cnc3c(=O)[nH]c(=N)[nH]c32)c1,21.0,4.94
0.6,CCCN(CCC)Cc1cccc(C(=O)OCCOCn2cnc3c(=O)[nH]c(=N)[nH]c32)c1,21.0,7.75
3.87,CCCC(=O)OC[C@@H](Cc1cncn1C)C(CC)C(=O)OCc1ccc(C)cc1,23.0,7.38
3.87,CCCC(=O)OC[C@@H](Cc1cncn1C)C(CC)C(=O)OCc1ccc(C)cc1,23.0,4.66
3.87,CCCC(=O)OC[C@@H](Cc1cncn1C)C(CC)C(=O)OCc1ccc(C)cc1,23.0,9.0
3.87,CCCC(=O)OC[C@@H](Cc1cncn1C)C(CC)C(=O)OCc1ccc(C)cc1,23.0,5.86
3.87,CCCC(=O)OC[C@@H](Cc1cncn1C)C(CC)C(=O)OCc1ccc(C)cc1,23.0,7.0
3.87,CCCC(=O)OC[C@@H](Cc1cncn1C)C(CC)C(=O)OCc1ccc(C)cc1,23.0,6.27
3.87,CCCC(=O)OC[C@@H](Cc1cncn1C)C(CC)C(=O)OCc1ccc(C)cc1,23.0,6.5
3.87,CCCC(=O)OC[C@@H](Cc1cncn1C)C(CC)C(=O)OCc1ccc(C)cc1,23.0,5.0
3.87,CCCC(=O)OC[C@@H](Cc1cncn1C)C(CC)C(=O)OCc1ccc(C)cc1,23.0,5.22
3.87,CCCC(=O)OC[C@@H](Cc1cncn1C)C(CC)C(=O)OCc1ccc(C)cc1,23.0,5.5
3.87,CCCC(=O)OC[C@@H](Cc1cncn1C)C(CC)C(=O)OCc1ccc(C)cc1,23.0,4.5
3.87,CCCC(=O)OC[C@@H](Cc1cncn1C)C(CC)C(=O)OCc1ccc(C)cc1,23.0,4.58
3.95,CCC(C)C(=O)OC1CCC=C2C=C[C@H](C)[C@H](CCC3C[C@@H](O)CC(=O)O3)C21,23.0,5.0
2.42,CCC(C)C(=O)OC1C[C@H](O)C=C2C=CC(C)[C@H](CCC3C[C@@H](O)CC(=O)O3)C21,23.0,5.0
1.5,CCCCN(CCCC)Cc1cccc(C(=O)OCCOCn2cnc3c(=O)[nH]c(=N)[nH]c32)c1,21.0,5.78
1.5,CCCCN(CCCC)Cc1cccc(C(=O)OCCOCn2cnc3c(=O)[nH]c(=N)[nH]c32)c1,21.0,6.76
1.5,CCCCN(CCCC)Cc1cccc(C(=O)OCCOCn2cnc3c(=O)[nH]c(=N)[nH]c32)c1,21.0,7.95
1.5,CCCCN(CCCC)Cc1cccc(C(=O)OCCOCn2cnc3c(=O)[nH]c(=N)[nH]c32)c1,21.0,4.95
1.5,CCCCN(CCCC)Cc1cccc(C(=O)OCCOCn2cnc3c(=O)[nH]c(=N)[nH]c32)c1,21.0,9.19
4.26,CCC(C)C(=O)OC1CC(C)C=C2C=C[C@H](C)[C@H](CC[C@@H]3CC(O)CC(=O)O3)[C@H]21,23.0,5.0
4.15,CC(CCC(=O)O)C1CCC2C3C(O)CC4CC(O)CCC4(C)C3CCC12C,25.0,3.0
4.15,C[C@H](CCC(=O)O)[C@H]1CC[C@H]2[C@H]3[C@H](CC[C@@]21C)[C@@]1(C)CC[C@@H](O)CC1C[C@H]3O,20.0,2.4
3.5,C[C@H](CCC(=O)O)[C@H]1CC[C@H]2[C@@H]3CC[C@@H]4C[C@H](O)CC[C@]4(C)[C@H]3C[C@H](O)C21C,25.0,3.0
3.5,C[C@H](CCC(=O)O)[C@H]1CC[C@H]2[C@@H]3CC[C@@H]4C[C@H](O)CC[C@]4(C)[C@H]3C[C@H](O)C21C,20.0,2.4
2.39,CC(CCC(=O)O)C1CCC2C3C(O)CC4CC(O)CCC4(C)C3CC(O)C12C,25.0,3.0
2.39,CC(CCC(=O)O)C1CCC2C3C(O)CC4CC(O)CCC4(C)C3CC(O)C12C,37.0,2.4
4.68,CCC(C)(C)C(=O)OC1CC(C)C=C2C=C[C@H](C)[C@H](CC[C@@H]3CC(O)CC(=O)O3)[C@H]21,23.0,5.0
3.6,CCCCC(=O)OC1(C(=O)CO)[C@@H](C)CC2C3CC=C4CC(=O)C=CC4(C)C3(F)C(O)CC21C,37.0,5.5
3.79,COc1ccc(CCN(C)CCCC(C#N)(c2ccc(OC)c(OC)c2)C(C)C)cc1OC,25.0,7.5
3.79,COc1ccc(CCN(C)CCCC(C#N)(c2ccc(OC)c(OC)c2)C(C)C)cc1OC,25.0,8.0
3.79,COc1ccc(CCN(C)CCCC(C#N)(c2ccc(OC)c(OC)c2)C(C)C)cc1OC,25.0,7.0
3.79,COc1ccc(CCN(C)CCCC(C#N)(c2ccc(OC)c(OC)c2)C(C)C)cc1OC,25.0,8.35
3.79,COc1ccc(CCN(C)CCCC(C#N)(c2ccc(OC)c(OC)c2)C(C)C)cc1OC,25.0,9.31
3.79,COc1ccc(CCN(C)CCCC(C#N)(c2ccc(OC)c(OC)c2)C(C)C)cc1OC,25.0,12.33
3.79,COc1ccc(CCN(C)CCCC(C#N)(c2ccc(OC)c(OC)c2)C(C)C)cc1OC,25.0,11.29
3.79,COc1ccc(CCN(C)CCCC(C#N)(c2ccc(OC)c(OC)c2)C(C)C)cc1OC,25.0,10.38
3.79,COc1ccc(CCN(C)CCCC(C#N)(c2ccc(OC)c(OC)c2)C(C)C)cc1OC,22.0,11.5
3.79,COc1ccc(CCN(C)CCCC(C#N)(c2ccc(OC)c(OC)c2)C(C)C)cc1OC,25.0,10.08
3.79,COc1ccc(CCN(C)CCCC(C#N)(c2ccc(OC)c(OC)c2)C(C)C)cc1OC,25.0,8.94
3.79,COc1ccc(CCN(C)CCCC(C#N)(c2ccc(OC)c(OC)c2)C(C)C)cc1OC,25.0,9.84
3.79,COc1ccc(CCN(C)CCCC(C#N)(c2ccc(OC)c(OC)c2)C(C)C)cc1OC,25.0,7.14
3.79,COc1ccc(CCN(C)CCCC(C#N)(c2ccc(OC)c(OC)c2)C(C)C)cc1OC,25.0,8.69
5.72,CC(C)(C)c1ccc(C(O)CCCN2CCC(C(O)(c3ccccc3)c3ccccc3)CC2)cc1,25.0,7.4
5.72,CC(C)(C)c1ccc(C(O)CCCN2CCC(C(O)(c3ccccc3)c3ccccc3)CC2)cc1,25.0,6.8
5.72,CC(C)(C)c1ccc(C(O)CCCN2CCC(C(O)(c3ccccc3)c3ccccc3)CC2)cc1,25.0,5.0
3.56,CSCC(NC(=O)COc1cccc2cnccc12)C(=O)NC(Cc1ccccc1)C(=O)C(O)N1CSCC1C(=O)NC(C)(C)C,25.0,7.5
3.56,CSCC(NC(=O)COc1cccc2cnccc12)C(=O)NC(Cc1ccccc1)C(=O)C(O)N1CSCC1C(=O)NC(C)(C)C,25.0,6.8
3.56,CSCC(NC(=O)COc1cccc2cnccc12)C(=O)NC(Cc1ccccc1)C(=O)C(O)N1CSCC1C(=O)NC(C)(C)C,25.0,5.44
3.56,CSCC(NC(=O)COc1cccc2cnccc12)C(=O)NC(Cc1ccccc1)C(=O)C(O)N1CSCC1C(=O)NC(C)(C)C,5.0,2.28
3.56,CSCC(NC(=O)COc1cccc2cnccc12)C(=O)NC(Cc1ccccc1)C(=O)C(O)N1CSCC1C(=O)NC(C)(C)C,25.0,3.36
3.56,CSCC(NC(=O)COc1cccc2cnccc12)C(=O)NC(Cc1ccccc1)C(=O)C(O)N1CSCC1C(=O)NC(C)(C)C,25.0,3.96
3.56,CSCC(NC(=O)COc1cccc2cnccc12)C(=O)NC(Cc1ccccc1)C(=O)C(O)N1CSCC1C(=O)NC(C)(C)C,25.0,4.45
3.56,CSCC(NC(=O)COc1cccc2cnccc12)C(=O)NC(Cc1ccccc1)C(=O)C(O)N1CSCC1C(=O)NC(C)(C)C,25.0,4.97
2.85,CCN1CC(C(O)C(CC2CCCCC2)NC(=O)C(Cc2c[nH]cn2)NC(=O)C(Cc2ccc(OC)cc2)NC(=O)C(C)C)OC1=O,37.0,7.4
1.94,CCN1CC(C(=O)C(CC2CCCCC2)NC(=O)C(Cc2c[nH]cn2)NC(=O)C(Cc2ccccc2)CC(O)N(C)CCO)OC1=O,37.0,7.4
2.67,CCN1CC(C(O)C(CC2CCCCC2)NC(=O)C(Cc2c[nH]cn2)NC(=O)C(Cc2ccc(OC)cc2)NC(=O)C(C)C)OC1=O,37.0,6.5
2.2,CCN1CC(C(=O)C(CC2CCCCC2)NC(=O)C(Cc2c[nH]cn2)NC(=O)C(Cc2ccccc2)CC(O)N2CCOCC2)OC1=O,37.0,7.4
1.91,CCN1CC(C(O)C(CC2CCCCC2)NC(=O)C(Cc2c[nH]cn2)NC(=O)C(Cc2ccc(OC)cc2)NC(=O)N2CCOCC2)OC1=O,37.0,6.5
2.11,CCN1CC(C(O)C(CC2CCCCC2)NC(=O)C(Cc2c[nH]cn2)NC(=O)C(Cc2ccc(OC)cc2)NC(=O)N2CCOCC2)OC1=O,37.0,7.4
2.45,CCN1CC(C(=O)C(CC2CCCCC2)NC(=O)C(Cc2c[nH]cn2)NC(=O)C(Cc2ccccc2)CC(O)N(C)CCOC)OC1=O,37.0,7.4
2.54,CCC1OC(=O)C(C)C(OC2CC(C)(OC)C(O)C(C)O2)C(C)C(OC2OC(C)CC(N(C)C)C2O)C(C)(O)CC(C)C(=O)C(C)C(O)C1(C)O,25.0,7.0
2.21,CCN1CC(C(=O)C(CC2CCCCC2)NC(=O)C(Cc2c[nH]cn2)NC(=O)C(Cc2ccccc2)CC(O)N(C)CCOCOCCOC)OC1=O,37.0,7.4
1.08,CC(C)CC(NC(=O)CC(O)C(CC(C)C)NC(=O)C(Cc1c[nH]cn1)NC(=O)C(Cc1ccccc1)NC(=O)OC(C)(C)C)C(=O)NCCC(N)C(=O)O,25.0,7.4
1.68,CC[C@H]1OC(=O)C(C)[C@@H](O[C@H]2C[C@@](C)(OC)[C@@H](O)[C@H](C)O2)[C@H](C)[C@@H](O[C@@H]2O[C@H](C)C[C@H](N(C)C)[C@H]2O)[C@](C)(OC)CC(C)C(=O)C(C)[C@@H](O)[C@]1(C)O,25.0,9.0
2.31,CCN1CC(C(=O)C(CC2CCCCC2)NC(=O)C(Cc2c[nH]cn2)NC(=O)C(Cc2ccccc2)CC(O)N2CC(OCOC)C(OCOC)C2)OC1=O,37.0,7.4
1.4,CC(C)CC(NC(=O)CC(O)C(CC(C)C)NC(=O)C(Cc1c[nH]cn1)NC(=O)C(Cc1ccccc1)NC(=O)OC(C)(C)C)C(=O)NCCCN(CCO)CCO,25.0,7.4
1.22,CC(C)CC(NC(=O)CC(O)C(CC(C)C)NC(=O)C(Cc1c[nH]cn1)NC(=O)C(Cc1ccccc1)NC(=O)OC(C)(C)C)C(=O)NC(C(=O)O)c1ccccc1,25.0,7.4
1.89,CC(C)CC(NC(=O)CC(O)C(CC(C)C)NC(=O)C(Cc1c[nH]cn1)NC(=O)C(Cc1ccccc1)NC(=O)OC(C)(C)C)C(=O)NCc1cccc(CN)c1,25.0,7.4
1.87,CCN1CC(C(=O)C(CC2CCCCC2)NC(=O)C(Cc2c[nH]cn2)NC(=O)C(Cc2ccccc2)CC(O)N2CC(OCOCCOC)C(OCOCCOC)C2)OC1=O,37.0,7.4
1.83,CC(C)CC(NC(=O)CC(O)C(CC(C)C)NC(=O)C(Cc1c[nH]cn1)NC(=O)C(Cc1ccccc1)NC(=O)OC(C)(C)C)C(=O)NC(Cc1cccc(CN)c1)C(=O)O,25.0,7.4
2.92,C/C=C/CC(C)C(O)C1C(=O)NC(CC)C(=O)N(C)CC(=O)N(C)C(CC(C)C)C(=O)NC(C(C)C)C(=O)N(C)C(CC(C)C)C(=O)NC(C)C(=O)NC(C)C(=O)N(C)C(CC(C)C)C(=O)N(C)C(CC(C)C)C(=O)N(C)C(C(C)C)C(=O)N1C,37.0,5.5
0.05,Nc1ccc(S(=O)(=O)N=c2[nH]ccs2)cc1,37.0,6.26
0.05,Nc1ccc(S(=O)(=O)N=c2[nH]ccs2)cc1,25.0,6.87
0.05,Nc1ccc(S(=O)(=O)N=c2[nH]ccs2)cc1,25.0,7.08
0.05,Nc1ccc(S(=O)(=O)N=c2[nH]ccs2)cc1,37.0,7.01
0.05,Nc1ccc(S(=O)(=O)N=c2[nH]ccs2)cc1,37.0,7.19
